total cases,total deaths,active cases,C1_School closing,C2_Workplace closing,C3_Cancel public events,C4_Restrictions on gatherings,C5_Close public transport,C6_Stay at home requirements,C7_Restrictions on internal movement,C8_International travel controls,StringencyIndex,pop,density,medianage,urbanpop,smokers,lung,gdp2019,healthexp,healthperpop,avgtemp,avghumidity
3,0,3,0.0,0.0,0.0,0.0,0.0,0.0,0.0,3.0,19.44,60461826.0,206.0,47.0,69.0,24.0,17.0,1988636.0,3351.0,55.42340054,15.78333333,64.78333333
3,0,3,0.0,0.0,0.0,0.0,0.0,0.0,0.0,3.0,19.44,60461826.0,206.0,47.0,69.0,24.0,17.0,1988636.0,3351.0,55.42340054,15.78333333,64.78333333
3,0,3,0.0,0.0,0.0,0.0,0.0,0.0,0.0,3.0,19.44,60461826.0,206.0,47.0,69.0,24.0,17.0,1988636.0,3351.0,55.42340054,15.78333333,64.78333333
3,0,3,0.0,0.0,0.0,0.0,0.0,0.0,0.0,3.0,19.44,60461826.0,206.0,47.0,69.0,24.0,17.0,1988636.0,3351.0,55.42340054,15.78333333,64.78333333
3,0,3,0.0,0.0,0.0,0.0,0.0,0.0,0.0,3.0,19.44,60461826.0,206.0,47.0,69.0,24.0,17.0,1988636.0,3351.0,55.42340054,15.78333333,64.78333333
4,0,4,0.0,0.0,0.0,0.0,0.0,0.0,0.0,3.0,19.44,60461826.0,206.0,47.0,69.0,24.0,17.0,1988636.0,3351.0,55.42340054,15.78333333,64.78333333
21,1,19,0.0,0.0,0.0,0.0,0.0,0.0,2.0,3.0,27.38,60461826.0,206.0,47.0,69.0,24.0,17.0,1988636.0,3351.0,55.42340054,15.78333333,64.78333333
79,2,75,0.0,3.0,0.0,0.0,0.0,0.0,2.0,3.0,35.32,60461826.0,206.0,47.0,69.0,24.0,17.0,1988636.0,3351.0,55.42340054,15.78333333,64.78333333
157,3,152,3.0,3.0,2.0,4.0,0.0,2.0,2.0,3.0,64.44,60461826.0,206.0,47.0,69.0,24.0,17.0,1988636.0,3351.0,55.42340054,15.78333333,64.78333333
229,7,221,3.0,3.0,2.0,4.0,0.0,2.0,2.0,3.0,64.44,60461826.0,206.0,47.0,69.0,24.0,17.0,1988636.0,3351.0,55.42340054,15.78333333,64.78333333
323,11,310,3.0,3.0,2.0,4.0,0.0,2.0,2.0,3.0,64.44,60461826.0,206.0,47.0,69.0,24.0,17.0,1988636.0,3351.0,55.42340054,15.78333333,64.78333333
470,12,455,3.0,3.0,2.0,4.0,0.0,2.0,2.0,3.0,64.44,60461826.0,206.0,47.0,69.0,24.0,17.0,1988636.0,3351.0,55.42340054,15.78333333,64.78333333
655,17,593,3.0,3.0,2.0,4.0,0.0,2.0,2.0,3.0,64.44,60461826.0,206.0,47.0,69.0,24.0,17.0,1988636.0,3351.0,55.42340054,15.78333333,64.78333333
889,21,822,3.0,3.0,2.0,4.0,0.0,2.0,2.0,3.0,64.44,60461826.0,206.0,47.0,69.0,24.0,17.0,1988636.0,3351.0,55.42340054,15.78333333,64.78333333
1128,29,1049,3.0,3.0,2.0,4.0,0.0,2.0,2.0,3.0,64.44,60461826.0,206.0,47.0,69.0,24.0,17.0,1988636.0,3351.0,55.42340054,15.78333333,64.78333333
1701,41,1577,3.0,3.0,2.0,4.0,0.0,2.0,2.0,3.0,64.44,60461826.0,206.0,47.0,69.0,24.0,17.0,1988636.0,3351.0,55.42340054,15.78333333,64.78333333
2036,52,1835,3.0,3.0,2.0,4.0,0.0,2.0,2.0,3.0,64.44,60461826.0,206.0,47.0,69.0,24.0,17.0,1988636.0,3351.0,55.42340054,15.78333333,64.78333333
2502,79,2263,3.0,3.0,2.0,4.0,0.0,2.0,2.0,3.0,64.44,60461826.0,206.0,47.0,69.0,24.0,17.0,1988636.0,3351.0,55.42340054,15.78333333,64.78333333
3089,107,2706,3.0,3.0,2.0,4.0,0.0,2.0,2.0,3.0,70.78,60461826.0,206.0,47.0,69.0,24.0,17.0,1988636.0,3351.0,55.42340054,15.78333333,64.78333333
3858,148,3296,3.0,3.0,2.0,4.0,0.0,2.0,2.0,3.0,70.78,60461826.0,206.0,47.0,69.0,24.0,17.0,1988636.0,3351.0,55.42340054,15.78333333,64.78333333
4636,197,3916,3.0,3.0,2.0,4.0,0.0,2.0,2.0,3.0,70.78,60461826.0,206.0,47.0,69.0,24.0,17.0,1988636.0,3351.0,55.42340054,15.78333333,64.78333333
5883,233,5061,3.0,3.0,2.0,4.0,0.0,2.0,2.0,3.0,70.78,60461826.0,206.0,47.0,69.0,24.0,17.0,1988636.0,3351.0,55.42340054,15.78333333,64.78333333
7375,366,6387,3.0,3.0,2.0,4.0,0.0,2.0,2.0,3.0,70.78,60461826.0,206.0,47.0,69.0,24.0,17.0,1988636.0,3351.0,55.42340054,15.78333333,64.78333333
9172,463,7985,3.0,3.0,2.0,4.0,0.0,2.0,2.0,3.0,67.61,60461826.0,206.0,47.0,69.0,24.0,17.0,1988636.0,3351.0,55.42340054,15.78333333,64.78333333
10149,631,8514,3.0,3.0,2.0,4.0,0.0,2.0,2.0,3.0,83.46,60461826.0,206.0,47.0,69.0,24.0,17.0,1988636.0,3351.0,55.42340054,15.78333333,64.78333333
12462,827,10590,3.0,3.0,2.0,4.0,1.0,2.0,2.0,3.0,87.43,60461826.0,206.0,47.0,69.0,24.0,17.0,1988636.0,3351.0,55.42340054,15.78333333,64.78333333
15113,1016,12839,3.0,3.0,2.0,4.0,1.0,2.0,2.0,3.0,87.43,60461826.0,206.0,47.0,69.0,24.0,17.0,1988636.0,3351.0,55.42340054,15.78333333,64.78333333
17660,1266,14955,3.0,3.0,2.0,4.0,1.0,2.0,2.0,3.0,87.43,60461826.0,206.0,47.0,69.0,24.0,17.0,1988636.0,3351.0,55.42340054,15.78333333,64.78333333
21157,1441,17750,3.0,3.0,2.0,4.0,1.0,2.0,2.0,3.0,87.43,60461826.0,206.0,47.0,69.0,24.0,17.0,1988636.0,3351.0,55.42340054,15.78333333,64.78333333
24747,1809,20603,3.0,3.0,2.0,4.0,1.0,2.0,2.0,3.0,87.43,60461826.0,206.0,47.0,69.0,24.0,17.0,1988636.0,3351.0,55.42340054,15.78333333,64.78333333
27980,2158,23073,3.0,3.0,2.0,4.0,1.0,2.0,2.0,3.0,87.43,60461826.0,206.0,47.0,69.0,24.0,17.0,1988636.0,3351.0,55.42340054,15.78333333,64.78333333
31506,2503,26062,3.0,3.0,2.0,4.0,1.0,2.0,2.0,3.0,87.43,60461826.0,206.0,47.0,69.0,24.0,17.0,1988636.0,3351.0,55.42340054,15.78333333,64.78333333
35713,2978,28710,3.0,3.0,2.0,4.0,1.0,2.0,2.0,3.0,87.43,60461826.0,206.0,47.0,69.0,24.0,17.0,1988636.0,3351.0,55.42340054,15.78333333,64.78333333
41035,3405,33190,3.0,3.0,2.0,4.0,1.0,2.0,2.0,3.0,87.43,60461826.0,206.0,47.0,69.0,24.0,17.0,1988636.0,3351.0,55.42340054,15.78333333,64.78333333
47021,4032,37860,3.0,3.0,2.0,4.0,1.0,3.0,2.0,3.0,93.25,60461826.0,206.0,47.0,69.0,24.0,17.0,1988636.0,3351.0,55.42340054,15.78333333,64.78333333
53578,4825,42681,3.0,3.0,2.0,4.0,1.0,3.0,2.0,3.0,93.25,60461826.0,206.0,47.0,69.0,24.0,17.0,1988636.0,3351.0,55.42340054,15.78333333,64.78333333
59138,5476,46638,3.0,3.0,2.0,4.0,1.0,3.0,2.0,3.0,93.25,60461826.0,206.0,47.0,69.0,24.0,17.0,1988636.0,3351.0,55.42340054,15.78333333,64.78333333
63927,6077,50418,3.0,3.0,2.0,4.0,1.0,3.0,2.0,3.0,93.25,60461826.0,206.0,47.0,69.0,24.0,17.0,1988636.0,3351.0,55.42340054,15.78333333,64.78333333
69176,6820,54030,3.0,3.0,2.0,4.0,1.0,3.0,2.0,3.0,93.25,60461826.0,206.0,47.0,69.0,24.0,17.0,1988636.0,3351.0,55.42340054,15.78333333,64.78333333
74386,7503,57521,3.0,3.0,2.0,4.0,1.0,3.0,2.0,3.0,93.25,60461826.0,206.0,47.0,69.0,24.0,17.0,1988636.0,3351.0,55.42340054,15.78333333,64.78333333
80589,8215,62013,3.0,3.0,2.0,4.0,1.0,3.0,2.0,3.0,93.25,60461826.0,206.0,47.0,69.0,24.0,17.0,1988636.0,3351.0,55.42340054,15.78333333,64.78333333
86498,9134,66414,3.0,3.0,2.0,4.0,1.0,3.0,2.0,3.0,93.25,60461826.0,206.0,47.0,69.0,24.0,17.0,1988636.0,3351.0,55.42340054,15.78333333,64.78333333
92472,10023,70065,3.0,3.0,2.0,4.0,1.0,3.0,2.0,3.0,93.25,60461826.0,206.0,47.0,69.0,24.0,17.0,1988636.0,3351.0,55.42340054,15.78333333,64.78333333
97689,10779,73880,3.0,3.0,2.0,4.0,1.0,3.0,2.0,3.0,93.25,60461826.0,206.0,47.0,69.0,24.0,17.0,1988636.0,3351.0,55.42340054,15.78333333,64.78333333
101739,11591,75528,3.0,3.0,2.0,4.0,1.0,3.0,2.0,3.0,93.25,60461826.0,206.0,47.0,69.0,24.0,17.0,1988636.0,3351.0,55.42340054,15.78333333,64.78333333
105792,12428,77635,3.0,3.0,2.0,4.0,1.0,3.0,2.0,3.0,93.25,60461826.0,206.0,47.0,69.0,24.0,17.0,1988636.0,3351.0,55.42340054,15.78333333,64.78333333
110574,13155,80572,3.0,3.0,2.0,4.0,1.0,3.0,2.0,3.0,93.25,60461826.0,206.0,47.0,69.0,24.0,17.0,1988636.0,3351.0,55.42340054,15.78333333,64.78333333
115242,13915,83049,3.0,3.0,2.0,4.0,1.0,3.0,2.0,3.0,93.25,60461826.0,206.0,47.0,69.0,24.0,17.0,1988636.0,3351.0,55.42340054,15.78333333,64.78333333
119827,14681,85388,3.0,3.0,2.0,4.0,1.0,3.0,2.0,3.0,93.25,60461826.0,206.0,47.0,69.0,24.0,17.0,1988636.0,3351.0,55.42340054,15.78333333,64.78333333
124632,15362,88274,3.0,3.0,2.0,4.0,1.0,3.0,2.0,3.0,93.25,60461826.0,206.0,47.0,69.0,24.0,17.0,1988636.0,3351.0,55.42340054,15.78333333,64.78333333
128948,15887,91246,3.0,3.0,2.0,4.0,1.0,3.0,2.0,3.0,93.25,60461826.0,206.0,47.0,69.0,24.0,17.0,1988636.0,3351.0,55.42340054,15.78333333,64.78333333
132547,16523,93187,3.0,3.0,2.0,4.0,1.0,3.0,2.0,3.0,93.25,60461826.0,206.0,47.0,69.0,24.0,17.0,1988636.0,3351.0,55.42340054,15.78333333,64.78333333
135586,17127,94067,3.0,3.0,2.0,4.0,1.0,3.0,2.0,3.0,93.25,60461826.0,206.0,47.0,69.0,24.0,17.0,1988636.0,3351.0,55.42340054,15.78333333,64.78333333
139422,17669,95262,3.0,3.0,2.0,4.0,1.0,3.0,2.0,3.0,93.25,60461826.0,206.0,47.0,69.0,24.0,17.0,1988636.0,3351.0,55.42340054,15.78333333,64.78333333
143626,18279,96877,3.0,3.0,2.0,4.0,1.0,3.0,2.0,3.0,93.25,60461826.0,206.0,47.0,69.0,24.0,17.0,1988636.0,3351.0,55.42340054,15.78333333,64.78333333
147577,18849,98273,3.0,3.0,2.0,4.0,1.0,2.0,2.0,3.0,90.61,60461826.0,206.0,47.0,69.0,24.0,17.0,1988636.0,3351.0,55.42340054,15.78333333,64.78333333
152271,19468,100269,3.0,3.0,2.0,4.0,1.0,2.0,2.0,3.0,90.61,60461826.0,206.0,47.0,69.0,24.0,17.0,1988636.0,3351.0,55.42340054,15.78333333,64.78333333
156363,19899,102253,3.0,3.0,2.0,4.0,2.0,2.0,2.0,3.0,94.58,60461826.0,206.0,47.0,69.0,24.0,17.0,1988636.0,3351.0,55.42340054,15.78333333,64.78333333
159516,20465,103616,3.0,3.0,2.0,4.0,2.0,2.0,2.0,3.0,94.58,60461826.0,206.0,47.0,69.0,24.0,17.0,1988636.0,3351.0,55.42340054,15.78333333,64.78333333
162488,21067,104291,3.0,3.0,2.0,4.0,2.0,2.0,2.0,3.0,94.58,60461826.0,206.0,47.0,69.0,24.0,17.0,1988636.0,3351.0,55.42340054,15.78333333,64.78333333
165155,21645,105418,3.0,3.0,2.0,4.0,2.0,2.0,2.0,3.0,94.58,60461826.0,206.0,47.0,69.0,24.0,17.0,1988636.0,3351.0,55.42340054,15.78333333,64.78333333
168941,22170,106607,3.0,3.0,2.0,4.0,2.0,2.0,2.0,3.0,94.58,60461826.0,206.0,47.0,69.0,24.0,17.0,1988636.0,3351.0,55.42340054,15.78333333,64.78333333
172434,22745,106962,3.0,3.0,2.0,4.0,2.0,2.0,2.0,3.0,94.58,60461826.0,206.0,47.0,69.0,24.0,17.0,1988636.0,3351.0,55.42340054,15.78333333,64.78333333
175925,23227,107771,3.0,3.0,2.0,4.0,2.0,2.0,2.0,3.0,94.58,60461826.0,206.0,47.0,69.0,24.0,17.0,1988636.0,3351.0,55.42340054,15.78333333,64.78333333
178972,23660,108257,3.0,3.0,2.0,4.0,2.0,2.0,2.0,3.0,94.58,60461826.0,206.0,47.0,69.0,24.0,17.0,1988636.0,3351.0,55.42340054,15.78333333,64.78333333
181228,24114,108237,3.0,3.0,2.0,4.0,2.0,2.0,2.0,3.0,94.58,60461826.0,206.0,47.0,69.0,24.0,17.0,1988636.0,3351.0,55.42340054,15.78333333,64.78333333
183957,24648,107709,3.0,3.0,2.0,4.0,2.0,2.0,2.0,3.0,94.58,60461826.0,206.0,47.0,69.0,24.0,17.0,1988636.0,3351.0,55.42340054,15.78333333,64.78333333
187327,25085,107699,3.0,3.0,2.0,4.0,2.0,2.0,2.0,3.0,94.58,60461826.0,206.0,47.0,69.0,24.0,17.0,1988636.0,3351.0,55.42340054,15.78333333,64.78333333
189973,25549,106848,3.0,3.0,2.0,4.0,2.0,2.0,2.0,3.0,94.58,60461826.0,206.0,47.0,69.0,24.0,17.0,1988636.0,3351.0,55.42340054,15.78333333,64.78333333
192994,25969,106527,3.0,3.0,2.0,4.0,2.0,2.0,2.0,3.0,94.58,60461826.0,206.0,47.0,69.0,24.0,17.0,1988636.0,3351.0,55.42340054,15.78333333,64.78333333
195351,26384,105847,3.0,3.0,2.0,4.0,2.0,2.0,2.0,3.0,94.58,60461826.0,206.0,47.0,69.0,24.0,17.0,1988636.0,3351.0,55.42340054,15.78333333,64.78333333
197675,26644,106103,3.0,3.0,2.0,4.0,2.0,2.0,2.0,3.0,94.58,60461826.0,206.0,47.0,69.0,24.0,17.0,1988636.0,3351.0,55.42340054,15.78333333,64.78333333
199414,26977,105813,3.0,3.0,2.0,4.0,2.0,2.0,2.0,3.0,94.58,60461826.0,206.0,47.0,69.0,24.0,17.0,1988636.0,3351.0,55.42340054,15.78333333,64.78333333
201505,27359,105205,3.0,3.0,2.0,4.0,2.0,2.0,2.0,3.0,94.58,60461826.0,206.0,47.0,69.0,24.0,17.0,1988636.0,3351.0,55.42340054,15.78333333,64.78333333
203591,27682,104657,3.0,3.0,2.0,4.0,2.0,2.0,2.0,3.0,94.58,60461826.0,206.0,47.0,69.0,24.0,17.0,1988636.0,3351.0,55.42340054,15.78333333,64.78333333
205463,27967,101551,3.0,3.0,2.0,4.0,2.0,2.0,2.0,3.0,94.58,60461826.0,206.0,47.0,69.0,24.0,17.0,1988636.0,3351.0,55.42340054,15.78333333,64.78333333
16,0,13,0.0,0.0,0.0,0.0,0.0,0.0,0.0,0.0,7.94,83783942.0,240.0,46.0,76.0,30.35,20.01,3863344.0,5357.0,63.93826636,8.516666667,74.21666667
16,0,13,0.0,0.0,0.0,0.0,0.0,0.0,0.0,0.0,7.94,83783942.0,240.0,46.0,76.0,30.35,20.01,3863344.0,5357.0,63.93826636,8.516666667,74.21666667
16,0,9,0.0,0.0,0.0,0.0,0.0,0.0,0.0,0.0,7.94,83783942.0,240.0,46.0,76.0,30.35,20.01,3863344.0,5357.0,63.93826636,8.516666667,74.21666667
16,0,7,0.0,0.0,0.0,0.0,0.0,0.0,0.0,0.0,7.94,83783942.0,240.0,46.0,76.0,30.35,20.01,3863344.0,5357.0,63.93826636,8.516666667,74.21666667
16,0,7,0.0,0.0,0.0,0.0,0.0,0.0,0.0,0.0,7.94,83783942.0,240.0,46.0,76.0,30.35,20.01,3863344.0,5357.0,63.93826636,8.516666667,74.21666667
16,0,3,0.0,0.0,0.0,0.0,0.0,0.0,0.0,0.0,7.94,83783942.0,240.0,46.0,76.0,30.35,20.01,3863344.0,5357.0,63.93826636,8.516666667,74.21666667
16,0,2,0.0,0.0,0.0,0.0,0.0,0.0,0.0,0.0,7.94,83783942.0,240.0,46.0,76.0,30.35,20.01,3863344.0,5357.0,63.93826636,8.516666667,74.21666667
16,0,2,0.0,0.0,0.0,0.0,0.0,0.0,0.0,0.0,7.94,83783942.0,240.0,46.0,76.0,30.35,20.01,3863344.0,5357.0,63.93826636,8.516666667,74.21666667
16,0,2,0.0,0.0,0.0,0.0,0.0,0.0,0.0,0.0,7.94,83783942.0,240.0,46.0,76.0,30.35,20.01,3863344.0,5357.0,63.93826636,8.516666667,74.21666667
16,0,2,0.0,0.0,0.0,0.0,0.0,0.0,0.0,0.0,7.94,83783942.0,240.0,46.0,76.0,30.35,20.01,3863344.0,5357.0,63.93826636,8.516666667,74.21666667
18,0,3,0.0,0.0,0.0,0.0,0.0,0.0,0.0,0.0,7.94,83783942.0,240.0,46.0,76.0,30.35,20.01,3863344.0,5357.0,63.93826636,8.516666667,74.21666667
26,0,11,3.0,0.0,0.0,0.0,0.0,0.0,0.0,0.0,15.88,83783942.0,240.0,46.0,76.0,30.35,20.01,3863344.0,5357.0,63.93826636,8.516666667,74.21666667
48,0,32,3.0,0.0,0.0,0.0,0.0,0.0,0.0,0.0,15.88,83783942.0,240.0,46.0,76.0,30.35,20.01,3863344.0,5357.0,63.93826636,8.516666667,74.21666667
74,0,58,3.0,0.0,0.0,0.0,0.0,0.0,0.0,1.0,18.66,83783942.0,240.0,46.0,76.0,30.35,20.01,3863344.0,5357.0,63.93826636,8.516666667,74.21666667
79,0,63,3.0,0.0,1.0,0.0,0.0,0.0,0.0,1.0,25.8,83783942.0,240.0,46.0,76.0,30.35,20.01,3863344.0,5357.0,63.93826636,8.516666667,74.21666667
130,0,114,3.0,0.0,1.0,0.0,0.0,0.0,0.0,1.0,25.8,83783942.0,240.0,46.0,76.0,30.35,20.01,3863344.0,5357.0,63.93826636,8.516666667,74.21666667
165,0,149,3.0,0.0,1.0,0.0,0.0,0.0,0.0,1.0,25.8,83783942.0,240.0,46.0,76.0,30.35,20.01,3863344.0,5357.0,63.93826636,8.516666667,74.21666667
203,0,187,3.0,0.0,1.0,0.0,0.0,0.0,0.0,1.0,25.8,83783942.0,240.0,46.0,76.0,30.35,20.01,3863344.0,5357.0,63.93826636,8.516666667,74.21666667
262,0,246,3.0,0.0,1.0,0.0,0.0,0.0,0.0,1.0,25.8,83783942.0,240.0,46.0,76.0,30.35,20.01,3863344.0,5357.0,63.93826636,8.516666667,74.21666667
545,0,528,3.0,0.0,1.0,0.0,0.0,0.0,0.0,1.0,25.8,83783942.0,240.0,46.0,76.0,30.35,20.01,3863344.0,5357.0,63.93826636,8.516666667,74.21666667
670,0,652,3.0,0.0,1.0,0.0,0.0,0.0,0.0,1.0,25.8,83783942.0,240.0,46.0,76.0,30.35,20.01,3863344.0,5357.0,63.93826636,8.516666667,74.21666667
800,0,782,3.0,0.0,1.0,0.0,0.0,0.0,0.0,1.0,25.8,83783942.0,240.0,46.0,76.0,30.35,20.01,3863344.0,5357.0,63.93826636,8.516666667,74.21666667
1040,0,1022,3.0,0.0,1.0,0.0,0.0,0.0,0.0,1.0,25.8,83783942.0,240.0,46.0,76.0,30.35,20.01,3863344.0,5357.0,63.93826636,8.516666667,74.21666667
1224,2,1204,3.0,0.0,1.0,0.0,0.0,0.0,0.0,1.0,25.8,83783942.0,240.0,46.0,76.0,30.35,20.01,3863344.0,5357.0,63.93826636,8.516666667,74.21666667
1565,2,1545,3.0,0.0,2.0,1.0,0.0,0.0,0.0,1.0,28.58,83783942.0,240.0,46.0,76.0,30.35,20.01,3863344.0,5357.0,63.93826636,8.516666667,74.21666667
1966,3,1938,3.0,0.0,2.0,1.0,0.0,0.0,0.0,1.0,28.58,83783942.0,240.0,46.0,76.0,30.35,20.01,3863344.0,5357.0,63.93826636,8.516666667,74.21666667
2745,6,2714,3.0,0.0,2.0,1.0,0.0,0.0,0.0,1.0,28.58,83783942.0,240.0,46.0,76.0,30.35,20.01,3863344.0,5357.0,63.93826636,8.516666667,74.21666667
3675,8,3621,3.0,0.0,2.0,1.0,0.0,0.0,0.0,1.0,28.58,83783942.0,240.0,46.0,76.0,30.35,20.01,3863344.0,5357.0,63.93826636,8.516666667,74.21666667
4599,9,4544,3.0,0.0,2.0,1.0,0.0,0.0,0.0,1.0,26.6,83783942.0,240.0,46.0,76.0,30.35,20.01,3863344.0,5357.0,63.93826636,8.516666667,74.21666667
5813,13,5754,3.0,0.0,2.0,1.0,0.0,0.0,0.0,1.0,26.6,83783942.0,240.0,46.0,76.0,30.35,20.01,3863344.0,5357.0,63.93826636,8.516666667,74.21666667
7272,17,7188,3.0,0.0,2.0,1.0,0.0,0.0,0.0,3.0,35.32,83783942.0,240.0,46.0,76.0,30.35,20.01,3863344.0,5357.0,63.93826636,8.516666667,74.21666667
9367,26,9274,3.0,0.0,2.0,1.0,0.0,0.0,0.0,3.0,35.32,83783942.0,240.0,46.0,76.0,30.35,20.01,3863344.0,5357.0,63.93826636,8.516666667,74.21666667
12327,28,12194,3.0,0.0,2.0,1.0,0.0,0.0,1.0,3.0,42.47,83783942.0,240.0,46.0,76.0,30.35,20.01,3863344.0,5357.0,63.93826636,8.516666667,74.21666667
15320,44,15161,3.0,0.0,2.0,1.0,0.0,0.0,2.0,3.0,43.26,83783942.0,240.0,46.0,76.0,30.35,20.01,3863344.0,5357.0,63.93826636,8.516666667,74.21666667
19848,68,19600,3.0,0.0,2.0,1.0,0.0,0.0,2.0,3.0,46.44,83783942.0,240.0,46.0,76.0,30.35,20.01,3863344.0,5357.0,63.93826636,8.516666667,74.21666667
22364,84,22071,3.0,0.0,2.0,1.0,0.0,2.0,2.0,3.0,51.73,83783942.0,240.0,46.0,76.0,30.35,20.01,3863344.0,5357.0,63.93826636,8.516666667,74.21666667
24873,94,24513,3.0,1.0,2.0,4.0,0.0,2.0,2.0,3.0,68.66,83783942.0,240.0,46.0,76.0,30.35,20.01,3863344.0,5357.0,63.93826636,8.516666667,74.21666667
29056,123,28480,3.0,1.0,2.0,4.0,0.0,2.0,2.0,3.0,68.66,83783942.0,240.0,46.0,76.0,30.35,20.01,3863344.0,5357.0,63.93826636,8.516666667,74.21666667
32991,159,29542,3.0,1.0,2.0,4.0,0.0,2.0,2.0,3.0,68.66,83783942.0,240.0,46.0,76.0,30.35,20.01,3863344.0,5357.0,63.93826636,8.516666667,74.21666667
37323,206,33570,3.0,1.0,2.0,4.0,0.0,2.0,2.0,3.0,68.66,83783942.0,240.0,46.0,76.0,30.35,20.01,3863344.0,5357.0,63.93826636,8.516666667,74.21666667
43938,267,37998,3.0,1.0,2.0,4.0,0.0,2.0,2.0,3.0,68.66,83783942.0,240.0,46.0,76.0,30.35,20.01,3863344.0,5357.0,63.93826636,8.516666667,74.21666667
50871,351,43862,3.0,1.0,2.0,4.0,0.0,2.0,2.0,3.0,68.66,83783942.0,240.0,46.0,76.0,30.35,20.01,3863344.0,5357.0,63.93826636,8.516666667,74.21666667
57695,433,48781,3.0,1.0,2.0,4.0,0.0,2.0,2.0,3.0,68.66,83783942.0,240.0,46.0,76.0,30.35,20.01,3863344.0,5357.0,63.93826636,8.516666667,74.21666667
62435,541,52683,3.0,1.0,2.0,4.0,0.0,2.0,2.0,3.0,68.66,83783942.0,240.0,46.0,76.0,30.35,20.01,3863344.0,5357.0,63.93826636,8.516666667,74.21666667
66885,645,52740,3.0,1.0,2.0,4.0,0.0,2.0,2.0,3.0,68.66,83783942.0,240.0,46.0,76.0,30.35,20.01,3863344.0,5357.0,63.93826636,8.516666667,74.21666667
71808,775,54933,3.0,1.0,2.0,4.0,0.0,2.0,2.0,3.0,68.66,83783942.0,240.0,46.0,76.0,30.35,20.01,3863344.0,5357.0,63.93826636,8.516666667,74.21666667
77981,931,58350,3.0,1.0,2.0,4.0,0.0,2.0,2.0,3.0,68.66,83783942.0,240.0,46.0,76.0,30.35,20.01,3863344.0,5357.0,63.93826636,8.516666667,74.21666667
84794,1107,61247,3.0,1.0,2.0,4.0,0.0,2.0,2.0,3.0,68.66,83783942.0,240.0,46.0,76.0,30.35,20.01,3863344.0,5357.0,63.93826636,8.516666667,74.21666667
91159,1275,65309,3.0,1.0,2.0,4.0,0.0,2.0,2.0,3.0,68.66,83783942.0,240.0,46.0,76.0,30.35,20.01,3863344.0,5357.0,63.93826636,8.516666667,74.21666667
96092,1444,68248,3.0,1.0,2.0,4.0,0.0,2.0,2.0,3.0,68.66,83783942.0,240.0,46.0,76.0,30.35,20.01,3863344.0,5357.0,63.93826636,8.516666667,74.21666667
100123,1584,69839,3.0,1.0,2.0,4.0,0.0,2.0,2.0,3.0,68.66,83783942.0,240.0,46.0,76.0,30.35,20.01,3863344.0,5357.0,63.93826636,8.516666667,74.21666667
103375,1810,72865,3.0,1.0,2.0,4.0,1.0,2.0,2.0,3.0,75.8,83783942.0,240.0,46.0,76.0,30.35,20.01,3863344.0,5357.0,63.93826636,8.516666667,74.21666667
107663,2016,69566,3.0,1.0,2.0,4.0,1.0,2.0,2.0,3.0,75.8,83783942.0,240.0,46.0,76.0,30.35,20.01,3863344.0,5357.0,63.93826636,8.516666667,74.21666667
113296,2349,64647,3.0,1.0,2.0,4.0,1.0,2.0,2.0,3.0,75.8,83783942.0,240.0,46.0,76.0,30.35,20.01,3863344.0,5357.0,63.93826636,8.516666667,74.21666667
118235,2607,63221,3.0,1.0,2.0,4.0,1.0,2.0,2.0,3.0,75.8,83783942.0,240.0,46.0,76.0,30.35,20.01,3863344.0,5357.0,63.93826636,8.516666667,74.21666667
122171,2736,65522,3.0,1.0,2.0,4.0,1.0,2.0,2.0,3.0,75.8,83783942.0,240.0,46.0,76.0,30.35,20.01,3863344.0,5357.0,63.93826636,8.516666667,74.21666667
125452,2871,65181,3.0,1.0,2.0,4.0,1.0,2.0,2.0,3.0,75.8,83783942.0,240.0,46.0,76.0,30.35,20.01,3863344.0,5357.0,63.93826636,8.516666667,74.21666667
127854,3022,64532,3.0,1.0,2.0,4.0,1.0,2.0,2.0,3.0,75.8,83783942.0,240.0,46.0,76.0,30.35,20.01,3863344.0,5357.0,63.93826636,8.516666667,74.21666667
130072,3194,62578,3.0,1.0,2.0,4.0,1.0,2.0,2.0,3.0,78.97,83783942.0,240.0,46.0,76.0,30.35,20.01,3863344.0,5357.0,63.93826636,8.516666667,74.21666667
132210,3495,60515,3.0,1.0,2.0,4.0,1.0,2.0,2.0,3.0,78.97,83783942.0,240.0,46.0,76.0,30.35,20.01,3863344.0,5357.0,63.93826636,8.516666667,74.21666667
134753,3804,58349,3.0,1.0,2.0,4.0,1.0,2.0,2.0,2.0,76.19,83783942.0,240.0,46.0,76.0,30.35,20.01,3863344.0,5357.0,63.93826636,8.516666667,74.21666667
137698,4052,56646,3.0,1.0,2.0,4.0,1.0,2.0,2.0,2.0,76.19,83783942.0,240.0,46.0,76.0,30.35,20.01,3863344.0,5357.0,63.93826636,8.516666667,74.21666667
141397,4352,53931,3.0,1.0,2.0,4.0,1.0,2.0,2.0,3.0,78.97,83783942.0,240.0,46.0,76.0,30.35,20.01,3863344.0,5357.0,63.93826636,8.516666667,74.21666667
143724,4538,53786,3.0,1.0,2.0,4.0,1.0,2.0,2.0,3.0,78.97,83783942.0,240.0,46.0,76.0,30.35,20.01,3863344.0,5357.0,63.93826636,8.516666667,74.21666667
145742,4642,53100,3.0,1.0,2.0,4.0,1.0,2.0,2.0,3.0,78.97,83783942.0,240.0,46.0,76.0,30.35,20.01,3863344.0,5357.0,63.93826636,8.516666667,74.21666667
147065,4862,50703,3.0,1.0,2.0,4.0,1.0,2.0,2.0,3.0,78.97,83783942.0,240.0,46.0,76.0,30.35,20.01,3863344.0,5357.0,63.93826636,8.516666667,74.21666667
148453,5086,48167,3.0,1.0,2.0,4.0,1.0,2.0,2.0,3.0,78.97,83783942.0,240.0,46.0,76.0,30.35,20.01,3863344.0,5357.0,63.93826636,8.516666667,74.21666667
150648,5315,45933,3.0,1.0,2.0,4.0,1.0,2.0,2.0,3.0,78.97,83783942.0,240.0,46.0,76.0,30.35,20.01,3863344.0,5357.0,63.93826636,8.516666667,74.21666667
153129,5575,44254,3.0,1.0,2.0,4.0,1.0,2.0,2.0,3.0,78.97,83783942.0,240.0,46.0,76.0,30.35,20.01,3863344.0,5357.0,63.93826636,8.516666667,74.21666667
154999,5760,42439,3.0,1.0,2.0,4.0,1.0,2.0,2.0,3.0,78.97,83783942.0,240.0,46.0,76.0,30.35,20.01,3863344.0,5357.0,63.93826636,8.516666667,74.21666667
156513,5877,40836,3.0,1.0,2.0,4.0,1.0,2.0,2.0,3.0,78.97,83783942.0,240.0,46.0,76.0,30.35,20.01,3863344.0,5357.0,63.93826636,8.516666667,74.21666667
157770,5976,39794,3.0,1.0,2.0,4.0,1.0,2.0,2.0,3.0,78.97,83783942.0,240.0,46.0,76.0,30.35,20.01,3863344.0,5357.0,63.93826636,8.516666667,74.21666667
158758,6126,38132,3.0,3.0,2.0,4.0,1.0,2.0,2.0,3.0,78.97,83783942.0,240.0,46.0,76.0,30.35,20.01,3863344.0,5357.0,63.93826636,8.516666667,74.21666667
159912,6314,36198,3.0,3.0,2.0,4.0,1.0,2.0,2.0,3.0,78.97,83783942.0,240.0,46.0,76.0,30.35,20.01,3863344.0,5357.0,63.93826636,8.516666667,74.21666667
161539,6467,34672,3.0,3.0,2.0,4.0,1.0,2.0,2.0,3.0,78.97,83783942.0,240.0,46.0,76.0,30.35,20.01,3863344.0,5357.0,63.93826636,8.516666667,74.21666667
163009,6623,32886,3.0,3.0,2.0,4.0,1.0,2.0,2.0,3.0,78.97,83783942.0,240.0,46.0,76.0,30.35,20.01,3863344.0,5357.0,63.93826636,8.516666667,74.21666667
12,1,7,0.0,0.0,0.0,0.0,0.0,0.0,0.0,2.0,13.5,65273511.0,119.0,42.0,82.0,27.7,13.15,2707074.0,4542.0,69.58412272,11.26666667,72.95
12,1,7,0.0,0.0,0.0,0.0,0.0,0.0,0.0,2.0,13.5,65273511.0,119.0,42.0,82.0,27.7,13.15,2707074.0,4542.0,69.58412272,11.26666667,72.95
12,1,6,0.0,0.0,0.0,0.0,0.0,0.0,0.0,2.0,13.5,65273511.0,119.0,42.0,82.0,27.7,13.15,2707074.0,4542.0,69.58412272,11.26666667,72.95
12,1,4,0.0,0.0,0.0,0.0,0.0,0.0,0.0,2.0,13.5,65273511.0,119.0,42.0,82.0,27.7,13.15,2707074.0,4542.0,69.58412272,11.26666667,72.95
12,1,4,0.0,0.0,0.0,0.0,0.0,0.0,0.0,2.0,13.5,65273511.0,119.0,42.0,82.0,27.7,13.15,2707074.0,4542.0,69.58412272,11.26666667,72.95
12,1,4,0.0,0.0,0.0,0.0,0.0,0.0,0.0,2.0,13.5,65273511.0,119.0,42.0,82.0,27.7,13.15,2707074.0,4542.0,69.58412272,11.26666667,72.95
12,1,4,0.0,0.0,0.0,0.0,0.0,0.0,0.0,2.0,13.5,65273511.0,119.0,42.0,82.0,27.7,13.15,2707074.0,4542.0,69.58412272,11.26666667,72.95
12,1,1,0.0,0.0,0.0,0.0,0.0,0.0,0.0,2.0,13.5,65273511.0,119.0,42.0,82.0,27.7,13.15,2707074.0,4542.0,69.58412272,11.26666667,72.95
12,1,1,0.0,0.0,0.0,0.0,0.0,0.0,0.0,2.0,13.5,65273511.0,119.0,42.0,82.0,27.7,13.15,2707074.0,4542.0,69.58412272,11.26666667,72.95
12,1,0,0.0,0.0,0.0,0.0,0.0,0.0,0.0,2.0,13.5,65273511.0,119.0,42.0,82.0,27.7,13.15,2707074.0,4542.0,69.58412272,11.26666667,72.95
14,1,2,0.0,0.0,0.0,0.0,0.0,0.0,0.0,2.0,16.67,65273511.0,119.0,42.0,82.0,27.7,13.15,2707074.0,4542.0,69.58412272,11.26666667,72.95
18,2,5,0.0,0.0,0.0,0.0,0.0,0.0,0.0,2.0,16.67,65273511.0,119.0,42.0,82.0,27.7,13.15,2707074.0,4542.0,69.58412272,11.26666667,72.95
38,2,25,0.0,0.0,0.0,0.0,0.0,0.0,0.0,2.0,16.67,65273511.0,119.0,42.0,82.0,27.7,13.15,2707074.0,4542.0,69.58412272,11.26666667,72.95
57,2,44,0.0,0.0,0.0,0.0,0.0,0.0,0.0,2.0,16.67,65273511.0,119.0,42.0,82.0,27.7,13.15,2707074.0,4542.0,69.58412272,11.26666667,72.95
100,2,86,0.0,0.0,0.0,1.0,0.0,0.0,0.0,2.0,21.82,65273511.0,119.0,42.0,82.0,27.7,13.15,2707074.0,4542.0,69.58412272,11.26666667,72.95
130,2,116,0.0,0.0,0.0,1.0,0.0,0.0,0.0,2.0,21.82,65273511.0,119.0,42.0,82.0,27.7,13.15,2707074.0,4542.0,69.58412272,11.26666667,72.95
191,3,176,0.0,0.0,0.0,1.0,0.0,0.0,0.0,2.0,21.82,65273511.0,119.0,42.0,82.0,27.7,13.15,2707074.0,4542.0,69.58412272,11.26666667,72.95
212,4,196,2.0,0.0,0.0,1.0,0.0,0.0,0.0,2.0,27.12,65273511.0,119.0,42.0,82.0,27.7,13.15,2707074.0,4542.0,69.58412272,11.26666667,72.95
285,4,269,2.0,0.0,0.0,1.0,0.0,0.0,0.0,2.0,27.12,65273511.0,119.0,42.0,82.0,27.7,13.15,2707074.0,4542.0,69.58412272,11.26666667,72.95
423,7,404,2.0,0.0,0.0,1.0,0.0,0.0,0.0,2.0,27.12,65273511.0,119.0,42.0,82.0,27.7,13.15,2707074.0,4542.0,69.58412272,11.26666667,72.95
653,9,632,3.0,0.0,0.0,1.0,0.0,0.0,0.0,2.0,29.76,65273511.0,119.0,42.0,82.0,27.7,13.15,2707074.0,4542.0,69.58412272,11.26666667,72.95
949,16,921,3.0,0.0,0.0,1.0,0.0,0.0,0.0,2.0,29.76,65273511.0,119.0,42.0,82.0,27.7,13.15,2707074.0,4542.0,69.58412272,11.26666667,72.95
1209,19,1178,3.0,0.0,0.0,1.0,0.0,0.0,0.0,2.0,29.76,65273511.0,119.0,42.0,82.0,27.7,13.15,2707074.0,4542.0,69.58412272,11.26666667,72.95
1412,30,1370,3.0,0.0,0.0,1.0,0.0,0.0,0.0,2.0,29.76,65273511.0,119.0,42.0,82.0,27.7,13.15,2707074.0,4542.0,69.58412272,11.26666667,72.95
1784,33,1739,3.0,0.0,0.0,1.0,0.0,0.0,0.0,2.0,29.76,65273511.0,119.0,42.0,82.0,27.7,13.15,2707074.0,4542.0,69.58412272,11.26666667,72.95
2281,48,2221,3.0,0.0,0.0,1.0,0.0,0.0,0.0,2.0,29.76,65273511.0,119.0,42.0,82.0,27.7,13.15,2707074.0,4542.0,69.58412272,11.26666667,72.95
2876,61,2803,3.0,0.0,0.0,1.0,0.0,0.0,0.0,2.0,29.76,65273511.0,119.0,42.0,82.0,27.7,13.15,2707074.0,4542.0,69.58412272,11.26666667,72.95
3661,79,3570,3.0,0.0,2.0,2.0,0.0,0.0,0.0,2.0,42.86,65273511.0,119.0,42.0,82.0,27.7,13.15,2707074.0,4542.0,69.58412272,11.26666667,72.95
4499,91,4396,3.0,0.0,2.0,2.0,0.0,0.0,0.0,2.0,42.86,65273511.0,119.0,42.0,82.0,27.7,13.15,2707074.0,4542.0,69.58412272,11.26666667,72.95
5423,127,5284,3.0,0.0,2.0,2.0,0.0,0.0,0.0,2.0,42.86,65273511.0,119.0,42.0,82.0,27.7,13.15,2707074.0,4542.0,69.58412272,11.26666667,72.95
6633,148,6473,3.0,0.0,2.0,2.0,1.0,0.0,0.0,2.0,53.17,65273511.0,119.0,42.0,82.0,27.7,13.15,2707074.0,4542.0,69.58412272,11.26666667,72.95
7730,175,6953,3.0,3.0,2.0,2.0,1.0,2.0,2.0,4.0,89.41,65273511.0,119.0,42.0,82.0,27.7,13.15,2707074.0,4542.0,69.58412272,11.26666667,72.95
9134,264,8268,3.0,3.0,2.0,2.0,1.0,2.0,2.0,4.0,89.41,65273511.0,119.0,42.0,82.0,27.7,13.15,2707074.0,4542.0,69.58412272,11.26666667,72.95
10995,372,9328,3.0,3.0,2.0,2.0,1.0,2.0,2.0,4.0,89.41,65273511.0,119.0,42.0,82.0,27.7,13.15,2707074.0,4542.0,69.58412272,11.26666667,72.95
12612,450,10575,3.0,3.0,2.0,2.0,1.0,2.0,2.0,4.0,89.41,65273511.0,119.0,42.0,82.0,27.7,13.15,2707074.0,4542.0,69.58412272,11.26666667,72.95
14459,562,12310,3.0,3.0,2.0,2.0,1.0,2.0,2.0,4.0,89.41,65273511.0,119.0,42.0,82.0,27.7,13.15,2707074.0,4542.0,69.58412272,11.26666667,72.95
16018,674,13144,3.0,3.0,2.0,2.0,1.0,2.0,2.0,4.0,89.41,65273511.0,119.0,42.0,82.0,27.7,13.15,2707074.0,4542.0,69.58412272,11.26666667,72.95
19856,860,16796,3.0,3.0,2.0,2.0,1.0,2.0,2.0,4.0,89.41,65273511.0,119.0,42.0,82.0,27.7,13.15,2707074.0,4542.0,69.58412272,11.26666667,72.95
22304,1100,17923,3.0,3.0,2.0,2.0,1.0,2.0,2.0,4.0,89.41,65273511.0,119.0,42.0,82.0,27.7,13.15,2707074.0,4542.0,69.58412272,11.26666667,72.95
25233,1331,20002,3.0,3.0,2.0,2.0,1.0,2.0,2.0,4.0,89.41,65273511.0,119.0,42.0,82.0,27.7,13.15,2707074.0,4542.0,69.58412272,11.26666667,72.95
29155,1696,22511,3.0,3.0,2.0,2.0,1.0,2.0,2.0,4.0,89.41,65273511.0,119.0,42.0,82.0,27.7,13.15,2707074.0,4542.0,69.58412272,11.26666667,72.95
32964,1995,25269,3.0,3.0,2.0,2.0,1.0,2.0,2.0,4.0,89.41,65273511.0,119.0,42.0,82.0,27.7,13.15,2707074.0,4542.0,69.58412272,11.26666667,72.95
37575,2314,29561,3.0,3.0,2.0,2.0,1.0,2.0,2.0,4.0,89.41,65273511.0,119.0,42.0,82.0,27.7,13.15,2707074.0,4542.0,69.58412272,11.26666667,72.95
40174,2606,30366,3.0,3.0,2.0,2.0,1.0,2.0,2.0,4.0,89.41,65273511.0,119.0,42.0,82.0,27.7,13.15,2707074.0,4542.0,69.58412272,11.26666667,72.95
44550,3024,33599,3.0,3.0,2.0,2.0,1.0,2.0,2.0,4.0,89.41,65273511.0,119.0,42.0,82.0,27.7,13.15,2707074.0,4542.0,69.58412272,11.26666667,72.95
52128,3523,39161,3.0,3.0,2.0,2.0,1.0,2.0,2.0,4.0,89.41,65273511.0,119.0,42.0,82.0,27.7,13.15,2707074.0,4542.0,69.58412272,11.26666667,72.95
56989,4032,42022,3.0,3.0,2.0,2.0,1.0,2.0,2.0,4.0,89.41,65273511.0,119.0,42.0,82.0,27.7,13.15,2707074.0,4542.0,69.58412272,11.26666667,72.95
59105,5387,41290,3.0,3.0,2.0,2.0,1.0,2.0,2.0,4.0,89.41,65273511.0,119.0,42.0,82.0,27.7,13.15,2707074.0,4542.0,69.58412272,11.26666667,72.95
76460,6507,55945,3.0,3.0,2.0,2.0,1.0,2.0,2.0,4.0,89.41,65273511.0,119.0,42.0,82.0,27.7,13.15,2707074.0,4542.0,69.58412272,11.26666667,72.95
83019,7560,60021,3.0,3.0,2.0,2.0,1.0,2.0,2.0,4.0,89.41,65273511.0,119.0,42.0,82.0,27.7,13.15,2707074.0,4542.0,69.58412272,11.26666667,72.95
87719,8078,63458,3.0,3.0,2.0,2.0,1.0,2.0,2.0,4.0,89.41,65273511.0,119.0,42.0,82.0,27.7,13.15,2707074.0,4542.0,69.58412272,11.26666667,72.95
90452,8911,64291,3.0,3.0,2.0,2.0,1.0,2.0,2.0,4.0,89.41,65273511.0,119.0,42.0,82.0,27.7,13.15,2707074.0,4542.0,69.58412272,11.26666667,72.95
99180,10328,69515,3.0,3.0,2.0,2.0,1.0,2.0,2.0,4.0,89.41,65273511.0,119.0,42.0,82.0,27.7,13.15,2707074.0,4542.0,69.58412272,11.26666667,72.95
103061,10869,70938,3.0,3.0,2.0,2.0,1.0,2.0,2.0,4.0,89.41,65273511.0,119.0,42.0,82.0,27.7,13.15,2707074.0,4542.0,69.58412272,11.26666667,72.95
107696,12210,72280,3.0,3.0,2.0,2.0,1.0,2.0,2.0,4.0,89.41,65273511.0,119.0,42.0,82.0,27.7,13.15,2707074.0,4542.0,69.58412272,11.26666667,72.95
113927,13197,75798,3.0,3.0,2.0,2.0,1.0,2.0,2.0,4.0,89.41,65273511.0,119.0,42.0,82.0,27.7,13.15,2707074.0,4542.0,69.58412272,11.26666667,72.95
118178,13832,77955,3.0,3.0,2.0,2.0,1.0,2.0,2.0,4.0,89.41,65273511.0,119.0,42.0,82.0,27.7,13.15,2707074.0,4542.0,69.58412272,11.26666667,72.95
120633,14393,79054,3.0,3.0,2.0,2.0,1.0,2.0,2.0,4.0,89.41,65273511.0,119.0,42.0,82.0,27.7,13.15,2707074.0,4542.0,69.58412272,11.26666667,72.95
124298,14967,81613,3.0,3.0,2.0,2.0,1.0,2.0,2.0,4.0,89.41,65273511.0,119.0,42.0,82.0,27.7,13.15,2707074.0,4542.0,69.58412272,11.26666667,72.95
130253,15729,85719,3.0,3.0,2.0,2.0,1.0,2.0,2.0,4.0,89.41,65273511.0,119.0,42.0,82.0,27.7,13.15,2707074.0,4542.0,69.58412272,11.26666667,72.95
133644,17167,85522,3.0,3.0,2.0,2.0,1.0,2.0,2.0,4.0,89.41,65273511.0,119.0,42.0,82.0,27.7,13.15,2707074.0,4542.0,69.58412272,11.26666667,72.95
140772,17920,90040,3.0,3.0,2.0,2.0,1.0,2.0,2.0,4.0,89.41,65273511.0,119.0,42.0,82.0,27.7,13.15,2707074.0,4542.0,69.58412272,11.26666667,72.95
143116,18681,90015,3.0,3.0,2.0,2.0,1.0,2.0,2.0,4.0,89.41,65273511.0,119.0,42.0,82.0,27.7,13.15,2707074.0,4542.0,69.58412272,11.26666667,72.95
146782,19323,91476,3.0,3.0,2.0,2.0,1.0,2.0,2.0,4.0,89.41,65273511.0,119.0,42.0,82.0,27.7,13.15,2707074.0,4542.0,69.58412272,11.26666667,72.95
147844,19718,91548,3.0,3.0,2.0,2.0,1.0,2.0,2.0,4.0,89.41,65273511.0,119.0,42.0,82.0,27.7,13.15,2707074.0,4542.0,69.58412272,11.26666667,72.95
150278,20265,92604,3.0,3.0,2.0,2.0,1.0,2.0,2.0,4.0,89.41,65273511.0,119.0,42.0,82.0,27.7,13.15,2707074.0,4542.0,69.58412272,11.26666667,72.95
153531,20796,93554,3.0,3.0,2.0,2.0,1.0,2.0,2.0,4.0,89.41,65273511.0,119.0,42.0,82.0,27.7,13.15,2707074.0,4542.0,69.58412272,11.26666667,72.95
155944,21340,93947,3.0,3.0,2.0,2.0,1.0,2.0,2.0,4.0,89.41,65273511.0,119.0,42.0,82.0,27.7,13.15,2707074.0,4542.0,69.58412272,11.26666667,72.95
158183,21856,94239,3.0,3.0,2.0,2.0,1.0,2.0,2.0,4.0,89.41,65273511.0,119.0,42.0,82.0,27.7,13.15,2707074.0,4542.0,69.58412272,11.26666667,72.95
159828,22245,94090,3.0,3.0,2.0,2.0,1.0,2.0,2.0,4.0,89.41,65273511.0,119.0,42.0,82.0,27.7,13.15,2707074.0,4542.0,69.58412272,11.26666667,72.95
161488,22614,94280,3.0,3.0,2.0,2.0,1.0,2.0,2.0,4.0,89.41,65273511.0,119.0,42.0,82.0,27.7,13.15,2707074.0,4542.0,69.58412272,11.26666667,72.95
162100,22856,94341,3.0,3.0,2.0,4.0,1.0,2.0,2.0,4.0,93.38,65273511.0,119.0,42.0,82.0,27.7,13.15,2707074.0,4542.0,69.58412272,11.26666667,72.95
163273,23293,94467,3.0,3.0,2.0,4.0,1.0,2.0,2.0,4.0,93.38,65273511.0,119.0,42.0,82.0,27.7,13.15,2707074.0,4542.0,69.58412272,11.26666667,72.95
165911,23660,95365,3.0,3.0,2.0,4.0,1.0,2.0,2.0,4.0,93.38,65273511.0,119.0,42.0,82.0,27.7,13.15,2707074.0,4542.0,69.58412272,11.26666667,72.95
166420,24087,94105,3.0,3.0,2.0,4.0,1.0,2.0,2.0,4.0,93.38,65273511.0,119.0,42.0,82.0,27.7,13.15,2707074.0,4542.0,69.58412272,11.26666667,72.95
167178,24376,93326,3.0,3.0,2.0,4.0,1.0,2.0,2.0,4.0,93.38,65273511.0,119.0,42.0,82.0,27.7,13.15,2707074.0,4542.0,69.58412272,11.26666667,72.95
2,0,0,0.0,0.0,0.0,0.0,0.0,0.0,0.0,0.0,11.11,46754778.0,94.0,45.0,80.0,29.2,16.37,1397870.0,3183.0,68.07860365,16.13333333,65.66666667
2,0,0,0.0,0.0,0.0,0.0,0.0,0.0,0.0,0.0,11.11,46754778.0,94.0,45.0,80.0,29.2,16.37,1397870.0,3183.0,68.07860365,16.13333333,65.66666667
2,0,0,0.0,0.0,0.0,0.0,0.0,0.0,0.0,0.0,11.11,46754778.0,94.0,45.0,80.0,29.2,16.37,1397870.0,3183.0,68.07860365,16.13333333,65.66666667
2,0,0,0.0,0.0,0.0,0.0,0.0,0.0,0.0,0.0,11.11,46754778.0,94.0,45.0,80.0,29.2,16.37,1397870.0,3183.0,68.07860365,16.13333333,65.66666667
2,0,0,0.0,0.0,0.0,0.0,0.0,0.0,0.0,0.0,11.11,46754778.0,94.0,45.0,80.0,29.2,16.37,1397870.0,3183.0,68.07860365,16.13333333,65.66666667
2,0,0,0.0,0.0,0.0,0.0,0.0,0.0,0.0,0.0,11.11,46754778.0,94.0,45.0,80.0,29.2,16.37,1397870.0,3183.0,68.07860365,16.13333333,65.66666667
2,0,0,0.0,0.0,0.0,0.0,0.0,0.0,0.0,0.0,11.11,46754778.0,94.0,45.0,80.0,29.2,16.37,1397870.0,3183.0,68.07860365,16.13333333,65.66666667
2,0,0,0.0,0.0,0.0,0.0,0.0,0.0,0.0,0.0,11.11,46754778.0,94.0,45.0,80.0,29.2,16.37,1397870.0,3183.0,68.07860365,16.13333333,65.66666667
2,0,0,0.0,0.0,0.0,0.0,0.0,0.0,0.0,0.0,11.11,46754778.0,94.0,45.0,80.0,29.2,16.37,1397870.0,3183.0,68.07860365,16.13333333,65.66666667
3,0,1,0.0,0.0,0.0,0.0,0.0,0.0,0.0,0.0,11.11,46754778.0,94.0,45.0,80.0,29.2,16.37,1397870.0,3183.0,68.07860365,16.13333333,65.66666667
9,0,7,0.0,0.0,0.0,0.0,0.0,0.0,0.0,0.0,11.11,46754778.0,94.0,45.0,80.0,29.2,16.37,1397870.0,3183.0,68.07860365,16.13333333,65.66666667
13,0,11,0.0,0.0,0.0,0.0,0.0,0.0,0.0,0.0,11.11,46754778.0,94.0,45.0,80.0,29.2,16.37,1397870.0,3183.0,68.07860365,16.13333333,65.66666667
25,0,23,0.0,0.0,0.0,0.0,0.0,0.0,0.0,0.0,11.11,46754778.0,94.0,45.0,80.0,29.2,16.37,1397870.0,3183.0,68.07860365,16.13333333,65.66666667
33,0,31,0.0,0.0,0.0,0.0,0.0,0.0,0.0,0.0,11.11,46754778.0,94.0,45.0,80.0,29.2,16.37,1397870.0,3183.0,68.07860365,16.13333333,65.66666667
58,0,56,0.0,0.0,0.0,0.0,0.0,0.0,0.0,0.0,11.11,46754778.0,94.0,45.0,80.0,29.2,16.37,1397870.0,3183.0,68.07860365,16.13333333,65.66666667
84,0,82,0.0,0.0,0.0,0.0,0.0,0.0,0.0,0.0,11.11,46754778.0,94.0,45.0,80.0,29.2,16.37,1397870.0,3183.0,68.07860365,16.13333333,65.66666667
120,0,118,0.0,0.0,0.0,0.0,0.0,0.0,0.0,0.0,11.11,46754778.0,94.0,45.0,80.0,29.2,16.37,1397870.0,3183.0,68.07860365,16.13333333,65.66666667
165,1,162,0.0,0.0,0.0,0.0,0.0,0.0,0.0,0.0,11.11,46754778.0,94.0,45.0,80.0,29.2,16.37,1397870.0,3183.0,68.07860365,16.13333333,65.66666667
228,2,224,0.0,0.0,0.0,0.0,0.0,0.0,0.0,0.0,11.11,46754778.0,94.0,45.0,80.0,29.2,16.37,1397870.0,3183.0,68.07860365,16.13333333,65.66666667
282,3,276,0.0,0.0,0.0,0.0,0.0,0.0,0.0,0.0,11.11,46754778.0,94.0,45.0,80.0,29.2,16.37,1397870.0,3183.0,68.07860365,16.13333333,65.66666667
401,8,387,0.0,0.0,0.0,0.0,0.0,0.0,0.0,0.0,11.11,46754778.0,94.0,45.0,80.0,29.2,16.37,1397870.0,3183.0,68.07860365,16.13333333,65.66666667
525,10,485,0.0,0.0,0.0,0.0,0.0,0.0,0.0,0.0,11.11,46754778.0,94.0,45.0,80.0,29.2,16.37,1397870.0,3183.0,68.07860365,16.13333333,65.66666667
674,17,625,0.0,0.0,0.0,0.0,0.0,0.0,0.0,0.0,11.11,46754778.0,94.0,45.0,80.0,29.2,16.37,1397870.0,3183.0,68.07860365,16.13333333,65.66666667
1231,30,1169,3.0,1.0,0.0,0.0,0.0,0.0,1.0,0.0,25.67,46754778.0,94.0,45.0,80.0,29.2,16.37,1397870.0,3183.0,68.07860365,16.13333333,65.66666667
1695,36,1524,3.0,1.0,2.0,1.0,0.0,0.0,1.0,3.0,47.1,46754778.0,94.0,45.0,80.0,29.2,16.37,1397870.0,3183.0,68.07860365,16.13333333,65.66666667
2277,55,2039,3.0,1.0,2.0,1.0,0.0,0.0,1.0,3.0,47.1,46754778.0,94.0,45.0,80.0,29.2,16.37,1397870.0,3183.0,68.07860365,16.13333333,65.66666667
3146,86,2871,3.0,1.0,2.0,1.0,0.0,0.0,1.0,3.0,47.1,46754778.0,94.0,45.0,80.0,29.2,16.37,1397870.0,3183.0,68.07860365,16.13333333,65.66666667
5232,133,4906,3.0,1.0,2.0,1.0,0.0,0.0,1.0,3.0,47.1,46754778.0,94.0,45.0,80.0,29.2,16.37,1397870.0,3183.0,68.07860365,16.13333333,65.66666667
6391,196,5678,3.0,2.0,2.0,1.0,1.0,2.0,1.0,3.0,71.69,46754778.0,94.0,45.0,80.0,29.2,16.37,1397870.0,3183.0,68.07860365,16.13333333,65.66666667
7988,294,7177,3.0,2.0,2.0,1.0,1.0,2.0,1.0,3.0,71.69,46754778.0,94.0,45.0,80.0,29.2,16.37,1397870.0,3183.0,68.07860365,16.13333333,65.66666667
9942,342,9070,3.0,2.0,2.0,1.0,1.0,2.0,1.0,3.0,74.86,46754778.0,94.0,45.0,80.0,29.2,16.37,1397870.0,3183.0,68.07860365,16.13333333,65.66666667
11826,533,10265,3.0,2.0,2.0,1.0,1.0,2.0,1.0,4.0,77.64,46754778.0,94.0,45.0,80.0,29.2,16.37,1397870.0,3183.0,68.07860365,16.13333333,65.66666667
14769,638,13050,3.0,2.0,2.0,1.0,1.0,2.0,1.0,4.0,77.64,46754778.0,94.0,45.0,80.0,29.2,16.37,1397870.0,3183.0,68.07860365,16.13333333,65.66666667
18077,831,16139,3.0,2.0,2.0,1.0,1.0,2.0,1.0,4.0,77.64,46754778.0,94.0,45.0,80.0,29.2,16.37,1397870.0,3183.0,68.07860365,16.13333333,65.66666667
21571,1093,18890,3.0,2.0,2.0,1.0,1.0,2.0,1.0,4.0,77.64,46754778.0,94.0,45.0,80.0,29.2,16.37,1397870.0,3183.0,68.07860365,16.13333333,65.66666667
25496,1381,21990,3.0,2.0,2.0,1.0,1.0,2.0,1.0,4.0,77.64,46754778.0,94.0,45.0,80.0,29.2,16.37,1397870.0,3183.0,68.07860365,16.13333333,65.66666667
28768,1772,24421,3.0,2.0,2.0,1.0,1.0,2.0,1.0,4.0,77.64,46754778.0,94.0,45.0,80.0,29.2,16.37,1397870.0,3183.0,68.07860365,16.13333333,65.66666667
35136,2311,29470,3.0,2.0,2.0,1.0,1.0,2.0,1.0,4.0,77.64,46754778.0,94.0,45.0,80.0,29.2,16.37,1397870.0,3183.0,68.07860365,16.13333333,65.66666667
42058,2991,35273,3.0,2.0,2.0,1.0,1.0,2.0,1.0,4.0,77.64,46754778.0,94.0,45.0,80.0,29.2,16.37,1397870.0,3183.0,68.07860365,16.13333333,65.66666667
49515,3647,40501,3.0,2.0,2.0,1.0,1.0,2.0,1.0,4.0,77.64,46754778.0,94.0,45.0,80.0,29.2,16.37,1397870.0,3183.0,68.07860365,16.13333333,65.66666667
57786,4365,46406,3.0,2.0,2.0,1.0,1.0,2.0,1.0,4.0,77.64,46754778.0,94.0,45.0,80.0,29.2,16.37,1397870.0,3183.0,68.07860365,16.13333333,65.66666667
65719,5138,51224,3.0,2.0,2.0,1.0,1.0,2.0,1.0,4.0,77.64,46754778.0,94.0,45.0,80.0,29.2,16.37,1397870.0,3183.0,68.07860365,16.13333333,65.66666667
73235,5982,54968,3.0,2.0,2.0,1.0,1.0,2.0,1.0,4.0,77.64,46754778.0,94.0,45.0,80.0,29.2,16.37,1397870.0,3183.0,68.07860365,16.13333333,65.66666667
80110,6803,58598,3.0,2.0,2.0,1.0,1.0,2.0,1.0,4.0,77.64,46754778.0,94.0,45.0,80.0,29.2,16.37,1397870.0,3183.0,68.07860365,16.13333333,65.66666667
87956,7716,63460,3.0,3.0,2.0,4.0,1.0,2.0,1.0,4.0,89.41,46754778.0,94.0,45.0,80.0,29.2,16.37,1397870.0,3183.0,68.07860365,16.13333333,65.66666667
95923,8464,68200,3.0,3.0,2.0,4.0,1.0,2.0,1.0,4.0,89.41,46754778.0,94.0,45.0,80.0,29.2,16.37,1397870.0,3183.0,68.07860365,16.13333333,65.66666667
104118,9387,72084,3.0,3.0,2.0,4.0,1.0,2.0,1.0,4.0,89.41,46754778.0,94.0,45.0,80.0,29.2,16.37,1397870.0,3183.0,68.07860365,16.13333333,65.66666667
112065,10348,74974,3.0,3.0,2.0,4.0,1.0,2.0,1.0,4.0,89.41,46754778.0,94.0,45.0,80.0,29.2,16.37,1397870.0,3183.0,68.07860365,16.13333333,65.66666667
119199,11198,77488,3.0,3.0,2.0,4.0,1.0,2.0,1.0,4.0,89.41,46754778.0,94.0,45.0,80.0,29.2,16.37,1397870.0,3183.0,68.07860365,16.13333333,65.66666667
126168,11947,80002,3.0,3.0,2.0,4.0,1.0,2.0,1.0,4.0,89.41,46754778.0,94.0,45.0,80.0,29.2,16.37,1397870.0,3183.0,68.07860365,16.13333333,65.66666667
131646,12641,80925,3.0,3.0,2.0,4.0,1.0,2.0,1.0,4.0,89.41,46754778.0,94.0,45.0,80.0,29.2,16.37,1397870.0,3183.0,68.07860365,16.13333333,65.66666667
136675,13341,82897,3.0,3.0,2.0,4.0,1.0,2.0,1.0,4.0,89.41,46754778.0,94.0,45.0,80.0,29.2,16.37,1397870.0,3183.0,68.07860365,16.13333333,65.66666667
141942,14045,84689,3.0,3.0,2.0,4.0,1.0,2.0,1.0,4.0,89.41,46754778.0,94.0,45.0,80.0,29.2,16.37,1397870.0,3183.0,68.07860365,16.13333333,65.66666667
148220,14792,85407,3.0,3.0,2.0,4.0,1.0,2.0,1.0,4.0,89.41,46754778.0,94.0,45.0,80.0,29.2,16.37,1397870.0,3183.0,68.07860365,16.13333333,65.66666667
153222,15447,85610,3.0,3.0,2.0,4.0,1.0,2.0,1.0,4.0,89.41,46754778.0,94.0,45.0,80.0,29.2,16.37,1397870.0,3183.0,68.07860365,16.13333333,65.66666667
158273,16081,86524,3.0,3.0,2.0,4.0,1.0,2.0,1.0,4.0,89.41,46754778.0,94.0,45.0,80.0,29.2,16.37,1397870.0,3183.0,68.07860365,16.13333333,65.66666667
163027,16606,87312,3.0,3.0,2.0,4.0,1.0,2.0,1.0,4.0,89.41,46754778.0,94.0,45.0,80.0,29.2,16.37,1397870.0,3183.0,68.07860365,16.13333333,65.66666667
166831,17209,87231,3.0,3.0,2.0,4.0,1.0,2.0,1.0,4.0,89.41,46754778.0,94.0,45.0,80.0,29.2,16.37,1397870.0,3183.0,68.07860365,16.13333333,65.66666667
170099,17756,87616,3.0,3.0,2.0,4.0,1.0,2.0,1.0,4.0,89.41,46754778.0,94.0,45.0,80.0,29.2,16.37,1397870.0,3183.0,68.07860365,16.13333333,65.66666667
174060,18255,88301,3.0,3.0,2.0,4.0,1.0,2.0,1.0,4.0,89.41,46754778.0,94.0,45.0,80.0,29.2,16.37,1397870.0,3183.0,68.07860365,16.13333333,65.66666667
180659,18812,90994,3.0,3.0,2.0,4.0,1.0,2.0,1.0,4.0,89.41,46754778.0,94.0,45.0,80.0,29.2,16.37,1397870.0,3183.0,68.07860365,16.13333333,65.66666667
184948,19130,91021,3.0,3.0,2.0,4.0,1.0,2.0,1.0,4.0,89.41,46754778.0,94.0,45.0,80.0,29.2,16.37,1397870.0,3183.0,68.07860365,16.13333333,65.66666667
190839,19478,96564,3.0,3.0,2.0,4.0,1.0,2.0,1.0,4.0,89.41,46754778.0,94.0,45.0,80.0,29.2,16.37,1397870.0,3183.0,68.07860365,16.13333333,65.66666667
194416,20043,98382,3.0,3.0,2.0,4.0,1.0,2.0,1.0,4.0,89.41,46754778.0,94.0,45.0,80.0,29.2,16.37,1397870.0,3183.0,68.07860365,16.13333333,65.66666667
198674,20453,98338,3.0,3.0,2.0,4.0,1.0,2.0,1.0,4.0,89.41,46754778.0,94.0,45.0,80.0,29.2,16.37,1397870.0,3183.0,68.07860365,16.13333333,65.66666667
200210,20852,97464,3.0,3.0,2.0,4.0,1.0,2.0,1.0,4.0,89.41,46754778.0,94.0,45.0,80.0,29.2,16.37,1397870.0,3183.0,68.07860365,16.13333333,65.66666667
204178,21282,98958,3.0,3.0,2.0,4.0,1.0,2.0,1.0,4.0,89.41,46754778.0,94.0,45.0,80.0,29.2,16.37,1397870.0,3183.0,68.07860365,16.13333333,65.66666667
208389,21717,99440,3.0,3.0,2.0,4.0,1.0,2.0,1.0,4.0,89.41,46754778.0,94.0,45.0,80.0,29.2,16.37,1397870.0,3183.0,68.07860365,16.13333333,65.66666667
213024,22157,100106,3.0,3.0,2.0,4.0,1.0,2.0,1.0,4.0,89.41,46754778.0,94.0,45.0,80.0,29.2,16.37,1397870.0,3183.0,68.07860365,16.13333333,65.66666667
219764,22524,88111,3.0,3.0,2.0,4.0,1.0,2.0,1.0,4.0,89.41,46754778.0,94.0,45.0,80.0,29.2,16.37,1397870.0,3183.0,68.07860365,16.13333333,65.66666667
223759,22902,87295,3.0,3.0,2.0,4.0,1.0,2.0,1.0,4.0,89.41,46754778.0,94.0,45.0,80.0,29.2,16.37,1397870.0,3183.0,68.07860365,16.13333333,65.66666667
226629,23190,85712,3.0,3.0,2.0,4.0,1.0,2.0,1.0,4.0,89.41,46754778.0,94.0,45.0,80.0,29.2,16.37,1397870.0,3183.0,68.07860365,16.13333333,65.66666667
229422,23521,85069,3.0,3.0,2.0,4.0,1.0,2.0,1.0,4.0,89.41,46754778.0,94.0,45.0,80.0,29.2,16.37,1397870.0,3183.0,68.07860365,16.13333333,65.66666667
232128,23822,84403,3.0,3.0,2.0,4.0,1.0,2.0,1.0,4.0,89.41,46754778.0,94.0,45.0,80.0,29.2,16.37,1397870.0,3183.0,68.07860365,16.13333333,65.66666667
236899,24275,79695,3.0,3.0,2.0,4.0,1.0,2.0,1.0,4.0,89.41,46754778.0,94.0,45.0,80.0,29.2,16.37,1397870.0,3183.0,68.07860365,16.13333333,65.66666667
239639,24543,77112,3.0,3.0,2.0,4.0,1.0,2.0,1.0,4.0,89.41,46754778.0,94.0,45.0,80.0,29.2,16.37,1397870.0,3183.0,68.07860365,16.13333333,65.66666667
0,0,0,0.0,0.0,0.0,0.0,1.0,0.0,0.0,3.0,23.41,84339067.0,110.0,32.0,76.0,25.95,35.63,743708.0,996.0,11.80947378,8.7,67.53333333
0,0,0,0.0,0.0,0.0,0.0,1.0,0.0,0.0,3.0,23.41,84339067.0,110.0,32.0,76.0,25.95,35.63,743708.0,996.0,11.80947378,8.7,67.53333333
0,0,0,0.0,0.0,0.0,0.0,1.0,0.0,0.0,3.0,23.41,84339067.0,110.0,32.0,76.0,25.95,35.63,743708.0,996.0,11.80947378,8.7,67.53333333
0,0,0,0.0,0.0,0.0,0.0,1.0,0.0,0.0,3.0,23.41,84339067.0,110.0,32.0,76.0,25.95,35.63,743708.0,996.0,11.80947378,8.7,67.53333333
0,0,0,0.0,0.0,0.0,0.0,1.0,0.0,0.0,3.0,23.41,84339067.0,110.0,32.0,76.0,25.95,35.63,743708.0,996.0,11.80947378,8.7,67.53333333
0,0,0,0.0,0.0,0.0,0.0,1.0,0.0,0.0,3.0,23.41,84339067.0,110.0,32.0,76.0,25.95,35.63,743708.0,996.0,11.80947378,8.7,67.53333333
0,0,0,0.0,0.0,0.0,0.0,1.0,0.0,0.0,3.0,23.41,84339067.0,110.0,32.0,76.0,25.95,35.63,743708.0,996.0,11.80947378,8.7,67.53333333
0,0,0,0.0,0.0,0.0,0.0,1.0,0.0,0.0,3.0,23.41,84339067.0,110.0,32.0,76.0,25.95,35.63,743708.0,996.0,11.80947378,8.7,67.53333333
0,0,0,0.0,0.0,0.0,0.0,1.0,0.0,0.0,3.0,23.41,84339067.0,110.0,32.0,76.0,25.95,35.63,743708.0,996.0,11.80947378,8.7,67.53333333
0,0,0,0.0,0.0,0.0,0.0,1.0,0.0,0.0,3.0,23.41,84339067.0,110.0,32.0,76.0,25.95,35.63,743708.0,996.0,11.80947378,8.7,67.53333333
0,0,0,0.0,0.0,0.0,0.0,1.0,0.0,0.0,3.0,23.41,84339067.0,110.0,32.0,76.0,25.95,35.63,743708.0,996.0,11.80947378,8.7,67.53333333
0,0,0,0.0,0.0,0.0,0.0,1.0,0.0,0.0,3.0,23.41,84339067.0,110.0,32.0,76.0,25.95,35.63,743708.0,996.0,11.80947378,8.7,67.53333333
0,0,0,0.0,0.0,0.0,0.0,1.0,0.0,0.0,3.0,23.41,84339067.0,110.0,32.0,76.0,25.95,35.63,743708.0,996.0,11.80947378,8.7,67.53333333
0,0,0,0.0,0.0,0.0,0.0,1.0,0.0,0.0,3.0,23.41,84339067.0,110.0,32.0,76.0,25.95,35.63,743708.0,996.0,11.80947378,8.7,67.53333333
0,0,0,0.0,0.0,0.0,0.0,1.0,0.0,0.0,3.0,23.41,84339067.0,110.0,32.0,76.0,25.95,35.63,743708.0,996.0,11.80947378,8.7,67.53333333
0,0,0,0.0,0.0,0.0,0.0,1.0,0.0,0.0,3.0,23.41,84339067.0,110.0,32.0,76.0,25.95,35.63,743708.0,996.0,11.80947378,8.7,67.53333333
0,0,0,0.0,0.0,0.0,0.0,1.0,0.0,0.0,3.0,23.41,84339067.0,110.0,32.0,76.0,25.95,35.63,743708.0,996.0,11.80947378,8.7,67.53333333
0,0,0,0.0,0.0,0.0,0.0,1.0,0.0,0.0,3.0,23.41,84339067.0,110.0,32.0,76.0,25.95,35.63,743708.0,996.0,11.80947378,8.7,67.53333333
0,0,0,0.0,0.0,0.0,0.0,1.0,0.0,0.0,3.0,23.41,84339067.0,110.0,32.0,76.0,25.95,35.63,743708.0,996.0,11.80947378,8.7,67.53333333
0,0,0,0.0,0.0,0.0,0.0,1.0,0.0,0.0,3.0,23.41,84339067.0,110.0,32.0,76.0,25.95,35.63,743708.0,996.0,11.80947378,8.7,67.53333333
0,0,0,0.0,0.0,0.0,0.0,1.0,0.0,0.0,3.0,23.41,84339067.0,110.0,32.0,76.0,25.95,35.63,743708.0,996.0,11.80947378,8.7,67.53333333
0,0,0,0.0,0.0,0.0,0.0,1.0,0.0,0.0,3.0,23.41,84339067.0,110.0,32.0,76.0,25.95,35.63,743708.0,996.0,11.80947378,8.7,67.53333333
0,0,0,0.0,0.0,0.0,0.0,1.0,0.0,0.0,3.0,23.41,84339067.0,110.0,32.0,76.0,25.95,35.63,743708.0,996.0,11.80947378,8.7,67.53333333
0,0,0,0.0,0.0,0.0,0.0,1.0,0.0,1.0,3.0,30.56,84339067.0,110.0,32.0,76.0,25.95,35.63,743708.0,996.0,11.80947378,8.7,67.53333333
1,0,1,0.0,0.0,0.0,0.0,1.0,0.0,1.0,3.0,30.56,84339067.0,110.0,32.0,76.0,25.95,35.63,743708.0,996.0,11.80947378,8.7,67.53333333
1,0,1,0.0,0.0,0.0,0.0,1.0,0.0,1.0,3.0,30.56,84339067.0,110.0,32.0,76.0,25.95,35.63,743708.0,996.0,11.80947378,8.7,67.53333333
1,0,1,0.0,0.0,0.0,0.0,1.0,0.0,1.0,3.0,30.56,84339067.0,110.0,32.0,76.0,25.95,35.63,743708.0,996.0,11.80947378,8.7,67.53333333
5,0,5,0.0,0.0,0.0,0.0,1.0,0.0,1.0,3.0,30.56,84339067.0,110.0,32.0,76.0,25.95,35.63,743708.0,996.0,11.80947378,8.7,67.53333333
6,0,6,0.0,0.0,0.0,0.0,1.0,0.0,1.0,3.0,30.56,84339067.0,110.0,32.0,76.0,25.95,35.63,743708.0,996.0,11.80947378,8.7,67.53333333
18,0,18,0.0,0.0,0.0,0.0,1.0,0.0,2.0,3.0,31.35,84339067.0,110.0,32.0,76.0,25.95,35.63,743708.0,996.0,11.80947378,8.7,67.53333333
47,0,47,3.0,0.0,2.0,0.0,1.0,0.0,2.0,3.0,53.58,84339067.0,110.0,32.0,76.0,25.95,35.63,743708.0,996.0,11.80947378,8.7,67.53333333
98,1,97,3.0,0.0,2.0,0.0,1.0,0.0,2.0,3.0,53.58,84339067.0,110.0,32.0,76.0,25.95,35.63,743708.0,996.0,11.80947378,8.7,67.53333333
191,2,189,3.0,0.0,2.0,0.0,1.0,0.0,2.0,3.0,53.58,84339067.0,110.0,32.0,76.0,25.95,35.63,743708.0,996.0,11.80947378,8.7,67.53333333
359,4,355,3.0,0.0,2.0,0.0,1.0,0.0,2.0,3.0,53.58,84339067.0,110.0,32.0,76.0,25.95,35.63,743708.0,996.0,11.80947378,8.7,67.53333333
670,9,661,3.0,0.0,2.0,0.0,1.0,0.0,2.0,3.0,53.58,84339067.0,110.0,32.0,76.0,25.95,35.63,743708.0,996.0,11.80947378,8.7,67.53333333
947,21,926,3.0,0.0,2.0,0.0,1.0,2.0,2.0,3.0,65.21,84339067.0,110.0,32.0,76.0,25.95,35.63,743708.0,996.0,11.80947378,8.7,67.53333333
1236,30,1206,3.0,1.0,2.0,0.0,1.0,2.0,2.0,3.0,71.03,84339067.0,110.0,32.0,76.0,25.95,35.63,743708.0,996.0,11.80947378,8.7,67.53333333
1529,37,1492,3.0,1.0,2.0,0.0,1.0,2.0,2.0,3.0,71.03,84339067.0,110.0,32.0,76.0,25.95,35.63,743708.0,996.0,11.80947378,8.7,67.53333333
1872,44,1828,3.0,1.0,2.0,0.0,1.0,2.0,2.0,3.0,71.03,84339067.0,110.0,32.0,76.0,25.95,35.63,743708.0,996.0,11.80947378,8.7,67.53333333
2433,59,2348,3.0,1.0,2.0,0.0,1.0,2.0,2.0,3.0,71.03,84339067.0,110.0,32.0,76.0,25.95,35.63,743708.0,996.0,11.80947378,8.7,67.53333333
3629,75,3528,3.0,1.0,2.0,0.0,1.0,2.0,2.0,3.0,71.03,84339067.0,110.0,32.0,76.0,25.95,35.63,743708.0,996.0,11.80947378,8.7,67.53333333
5698,92,5564,3.0,1.0,2.0,0.0,1.0,2.0,2.0,4.0,70.64,84339067.0,110.0,32.0,76.0,25.95,35.63,743708.0,996.0,11.80947378,8.7,67.53333333
7402,108,7224,3.0,1.0,2.0,0.0,2.0,2.0,2.0,4.0,74.61,84339067.0,110.0,32.0,76.0,25.95,35.63,743708.0,996.0,11.80947378,8.7,67.53333333
9217,131,8981,3.0,1.0,2.0,0.0,2.0,2.0,2.0,4.0,74.61,84339067.0,110.0,32.0,76.0,25.95,35.63,743708.0,996.0,11.80947378,8.7,67.53333333
10827,168,10497,3.0,1.0,2.0,0.0,2.0,2.0,2.0,4.0,74.61,84339067.0,110.0,32.0,76.0,25.95,35.63,743708.0,996.0,11.80947378,8.7,67.53333333
13531,214,13074,3.0,1.0,2.0,0.0,2.0,2.0,2.0,4.0,74.61,84339067.0,110.0,32.0,76.0,25.95,35.63,743708.0,996.0,11.80947378,8.7,67.53333333
15679,277,15069,3.0,1.0,2.0,0.0,2.0,2.0,2.0,4.0,74.61,84339067.0,110.0,32.0,76.0,25.95,35.63,743708.0,996.0,11.80947378,8.7,67.53333333
18135,356,17364,3.0,1.0,2.0,0.0,2.0,2.0,2.0,4.0,74.61,84339067.0,110.0,32.0,76.0,25.95,35.63,743708.0,996.0,11.80947378,8.7,67.53333333
20921,425,20012,3.0,1.0,2.0,0.0,2.0,2.0,2.0,4.0,74.61,84339067.0,110.0,32.0,76.0,25.95,35.63,743708.0,996.0,11.80947378,8.7,67.53333333
23934,501,22647,3.0,1.0,2.0,0.0,2.0,2.0,2.0,4.0,74.61,84339067.0,110.0,32.0,76.0,25.95,35.63,743708.0,996.0,11.80947378,8.7,67.53333333
27069,574,25453,3.0,1.0,2.0,0.0,2.0,2.0,2.0,4.0,74.61,84339067.0,110.0,32.0,76.0,25.95,35.63,743708.0,996.0,11.80947378,8.7,67.53333333
30217,649,28242,3.0,1.0,2.0,0.0,2.0,2.0,2.0,4.0,74.61,84339067.0,110.0,32.0,76.0,25.95,35.63,743708.0,996.0,11.80947378,8.7,67.53333333
34109,725,31802,3.0,1.0,2.0,0.0,2.0,2.0,2.0,4.0,74.61,84339067.0,110.0,32.0,76.0,25.95,35.63,743708.0,996.0,11.80947378,8.7,67.53333333
38226,812,35568,3.0,1.0,2.0,0.0,2.0,2.0,2.0,4.0,74.61,84339067.0,110.0,32.0,76.0,25.95,35.63,743708.0,996.0,11.80947378,8.7,67.53333333
42282,908,39232,3.0,1.0,2.0,0.0,2.0,2.0,2.0,4.0,74.61,84339067.0,110.0,32.0,76.0,25.95,35.63,743708.0,996.0,11.80947378,8.7,67.53333333
47029,1006,43600,3.0,1.0,2.0,0.0,2.0,2.0,2.0,4.0,74.61,84339067.0,110.0,32.0,76.0,25.95,35.63,743708.0,996.0,11.80947378,8.7,67.53333333
52167,1101,48101,3.0,1.0,2.0,0.0,2.0,3.0,2.0,4.0,74.08,84339067.0,110.0,32.0,76.0,25.95,35.63,743708.0,996.0,11.80947378,8.7,67.53333333
56956,1198,52312,3.0,1.0,2.0,0.0,2.0,3.0,2.0,4.0,74.08,84339067.0,110.0,32.0,76.0,25.95,35.63,743708.0,996.0,11.80947378,8.7,67.53333333
61049,1296,55796,3.0,1.0,2.0,0.0,2.0,2.0,2.0,4.0,74.61,84339067.0,110.0,32.0,76.0,25.95,35.63,743708.0,996.0,11.80947378,8.7,67.53333333
65111,1403,58909,3.0,1.0,2.0,0.0,2.0,2.0,2.0,4.0,74.61,84339067.0,110.0,32.0,76.0,25.95,35.63,743708.0,996.0,11.80947378,8.7,67.53333333
69392,1518,62200,3.0,1.0,2.0,0.0,2.0,2.0,2.0,4.0,74.61,84339067.0,110.0,32.0,76.0,25.95,35.63,743708.0,996.0,11.80947378,8.7,67.53333333
74193,1643,65461,3.0,1.0,2.0,0.0,2.0,2.0,2.0,4.0,74.61,84339067.0,110.0,32.0,76.0,25.95,35.63,743708.0,996.0,11.80947378,8.7,67.53333333
78546,1769,68146,3.0,1.0,2.0,0.0,2.0,2.0,2.0,4.0,74.61,84339067.0,110.0,32.0,76.0,25.95,35.63,743708.0,996.0,11.80947378,8.7,67.53333333
82329,1890,69986,3.0,1.0,2.0,0.0,2.0,3.0,2.0,4.0,74.08,84339067.0,110.0,32.0,76.0,25.95,35.63,743708.0,996.0,11.80947378,8.7,67.53333333
86306,2017,72313,3.0,1.0,2.0,0.0,2.0,3.0,2.0,4.0,74.08,84339067.0,110.0,32.0,76.0,25.95,35.63,743708.0,996.0,11.80947378,8.7,67.53333333
90980,2140,75410,3.0,1.0,2.0,0.0,2.0,2.0,2.0,4.0,74.61,84339067.0,110.0,32.0,76.0,25.95,35.63,743708.0,996.0,11.80947378,8.7,67.53333333
95591,2259,78414,3.0,1.0,2.0,0.0,2.0,2.0,2.0,4.0,74.61,84339067.0,110.0,32.0,76.0,25.95,35.63,743708.0,996.0,11.80947378,8.7,67.53333333
98674,2376,79821,3.0,1.0,2.0,0.0,2.0,2.0,2.0,4.0,74.61,84339067.0,110.0,32.0,76.0,25.95,35.63,743708.0,996.0,11.80947378,8.7,67.53333333
101790,2491,80808,3.0,1.0,2.0,0.0,2.0,2.0,2.0,4.0,74.61,84339067.0,110.0,32.0,76.0,25.95,35.63,743708.0,996.0,11.80947378,8.7,67.53333333
104912,2600,80575,3.0,1.0,2.0,0.0,2.0,2.0,2.0,4.0,74.61,84339067.0,110.0,32.0,76.0,25.95,35.63,743708.0,996.0,11.80947378,8.7,67.53333333
107773,2706,79485,3.0,1.0,2.0,0.0,2.0,2.0,2.0,4.0,74.61,84339067.0,110.0,32.0,76.0,25.95,35.63,743708.0,996.0,11.80947378,8.7,67.53333333
110130,2805,78185,3.0,1.0,2.0,0.0,2.0,2.0,2.0,4.0,74.61,84339067.0,110.0,32.0,76.0,25.95,35.63,743708.0,996.0,11.80947378,8.7,67.53333333
112261,2900,75570,3.0,1.0,2.0,0.0,2.0,2.0,2.0,4.0,74.61,84339067.0,110.0,32.0,76.0,25.95,35.63,743708.0,996.0,11.80947378,8.7,67.53333333
114653,2992,72852,3.0,1.0,2.0,0.0,2.0,2.0,2.0,4.0,74.61,84339067.0,110.0,32.0,76.0,25.95,35.63,743708.0,996.0,11.80947378,8.7,67.53333333
117589,3081,70468,3.0,1.0,2.0,0.0,2.0,2.0,2.0,4.0,74.61,84339067.0,110.0,32.0,76.0,25.95,35.63,743708.0,996.0,11.80947378,8.7,67.53333333
120204,3174,68144,3.0,1.0,2.0,0.0,2.0,2.0,2.0,4.0,74.61,84339067.0,110.0,32.0,76.0,25.95,35.63,743708.0,996.0,11.80947378,8.7,67.53333333
2,0,0,0.0,0.0,0.0,0.0,0.0,0.0,0.0,3.0,8.33,145934462.0,9.0,40.0,74.0,40.9,14.51,1637892.0,1414.0,9.689280932,2.016666667,85.46666667
2,0,0,0.0,0.0,0.0,0.0,0.0,0.0,0.0,3.0,8.33,145934462.0,9.0,40.0,74.0,40.9,14.51,1637892.0,1414.0,9.689280932,2.016666667,85.46666667
2,0,0,0.0,0.0,0.0,0.0,0.0,0.0,0.0,3.0,8.33,145934462.0,9.0,40.0,74.0,40.9,14.51,1637892.0,1414.0,9.689280932,2.016666667,85.46666667
2,0,0,0.0,0.0,0.0,0.0,0.0,0.0,0.0,3.0,8.33,145934462.0,9.0,40.0,74.0,40.9,14.51,1637892.0,1414.0,9.689280932,2.016666667,85.46666667
2,0,0,0.0,0.0,0.0,0.0,0.0,0.0,0.0,3.0,8.33,145934462.0,9.0,40.0,74.0,40.9,14.51,1637892.0,1414.0,9.689280932,2.016666667,85.46666667
2,0,0,0.0,0.0,0.0,0.0,0.0,0.0,0.0,3.0,8.33,145934462.0,9.0,40.0,74.0,40.9,14.51,1637892.0,1414.0,9.689280932,2.016666667,85.46666667
2,0,0,0.0,0.0,0.0,0.0,0.0,0.0,0.0,3.0,8.33,145934462.0,9.0,40.0,74.0,40.9,14.51,1637892.0,1414.0,9.689280932,2.016666667,85.46666667
2,0,0,0.0,0.0,0.0,0.0,0.0,0.0,0.0,3.0,8.33,145934462.0,9.0,40.0,74.0,40.9,14.51,1637892.0,1414.0,9.689280932,2.016666667,85.46666667
2,0,0,0.0,0.0,0.0,0.0,0.0,0.0,0.0,3.0,8.33,145934462.0,9.0,40.0,74.0,40.9,14.51,1637892.0,1414.0,9.689280932,2.016666667,85.46666667
2,0,0,0.0,0.0,0.0,0.0,0.0,0.0,0.0,3.0,8.33,145934462.0,9.0,40.0,74.0,40.9,14.51,1637892.0,1414.0,9.689280932,2.016666667,85.46666667
2,0,0,0.0,0.0,0.0,0.0,0.0,0.0,0.0,3.0,8.33,145934462.0,9.0,40.0,74.0,40.9,14.51,1637892.0,1414.0,9.689280932,2.016666667,85.46666667
2,0,0,0.0,0.0,0.0,0.0,0.0,0.0,0.0,3.0,8.33,145934462.0,9.0,40.0,74.0,40.9,14.51,1637892.0,1414.0,9.689280932,2.016666667,85.46666667
2,0,0,0.0,0.0,0.0,0.0,0.0,0.0,0.0,3.0,8.33,145934462.0,9.0,40.0,74.0,40.9,14.51,1637892.0,1414.0,9.689280932,2.016666667,85.46666667
2,0,0,0.0,0.0,0.0,0.0,0.0,0.0,0.0,3.0,8.33,145934462.0,9.0,40.0,74.0,40.9,14.51,1637892.0,1414.0,9.689280932,2.016666667,85.46666667
2,0,0,0.0,0.0,0.0,0.0,0.0,0.0,0.0,3.0,8.33,145934462.0,9.0,40.0,74.0,40.9,14.51,1637892.0,1414.0,9.689280932,2.016666667,85.46666667
2,0,0,0.0,0.0,0.0,0.0,0.0,0.0,0.0,3.0,8.33,145934462.0,9.0,40.0,74.0,40.9,14.51,1637892.0,1414.0,9.689280932,2.016666667,85.46666667
3,0,1,0.0,0.0,0.0,0.0,0.0,0.0,0.0,3.0,8.33,145934462.0,9.0,40.0,74.0,40.9,14.51,1637892.0,1414.0,9.689280932,2.016666667,85.46666667
3,0,1,0.0,0.0,0.0,0.0,0.0,0.0,0.0,3.0,8.33,145934462.0,9.0,40.0,74.0,40.9,14.51,1637892.0,1414.0,9.689280932,2.016666667,85.46666667
3,0,1,0.0,0.0,0.0,0.0,0.0,0.0,0.0,3.0,8.33,145934462.0,9.0,40.0,74.0,40.9,14.51,1637892.0,1414.0,9.689280932,2.016666667,85.46666667
7,0,5,0.0,0.0,0.0,0.0,0.0,0.0,2.0,3.0,16.27,145934462.0,9.0,40.0,74.0,40.9,14.51,1637892.0,1414.0,9.689280932,2.016666667,85.46666667
13,0,11,0.0,0.0,0.0,0.0,0.0,0.0,2.0,3.0,16.27,145934462.0,9.0,40.0,74.0,40.9,14.51,1637892.0,1414.0,9.689280932,2.016666667,85.46666667
14,0,11,0.0,0.0,0.0,0.0,0.0,0.0,2.0,3.0,16.27,145934462.0,9.0,40.0,74.0,40.9,14.51,1637892.0,1414.0,9.689280932,2.016666667,85.46666667
17,0,14,0.0,0.0,0.0,0.0,0.0,0.0,2.0,3.0,16.27,145934462.0,9.0,40.0,74.0,40.9,14.51,1637892.0,1414.0,9.689280932,2.016666667,85.46666667
20,0,17,0.0,0.0,0.0,0.0,0.0,0.0,2.0,3.0,16.27,145934462.0,9.0,40.0,74.0,40.9,14.51,1637892.0,1414.0,9.689280932,2.016666667,85.46666667
20,0,17,0.0,0.0,2.0,0.0,0.0,0.0,2.0,3.0,24.21,145934462.0,9.0,40.0,74.0,40.9,14.51,1637892.0,1414.0,9.689280932,2.016666667,85.46666667
28,0,25,0.0,0.0,2.0,0.0,0.0,0.0,2.0,3.0,24.21,145934462.0,9.0,40.0,74.0,40.9,14.51,1637892.0,1414.0,9.689280932,2.016666667,85.46666667
34,0,31,0.0,0.0,2.0,0.0,0.0,0.0,2.0,3.0,24.21,145934462.0,9.0,40.0,74.0,40.9,14.51,1637892.0,1414.0,9.689280932,2.016666667,85.46666667
45,0,37,0.0,0.0,2.0,0.0,0.0,0.0,2.0,3.0,24.21,145934462.0,9.0,40.0,74.0,40.9,14.51,1637892.0,1414.0,9.689280932,2.016666667,85.46666667
59,0,51,0.0,0.0,2.0,0.0,0.0,0.0,2.0,3.0,24.21,145934462.0,9.0,40.0,74.0,40.9,14.51,1637892.0,1414.0,9.689280932,2.016666667,85.46666667
63,0,55,0.0,0.0,2.0,0.0,0.0,0.0,2.0,3.0,24.21,145934462.0,9.0,40.0,74.0,40.9,14.51,1637892.0,1414.0,9.689280932,2.016666667,85.46666667
93,0,85,1.0,0.0,2.0,0.0,0.0,0.0,2.0,3.0,37.97,145934462.0,9.0,40.0,74.0,40.9,14.51,1637892.0,1414.0,9.689280932,2.016666667,85.46666667
114,0,106,1.0,0.0,2.0,0.0,0.0,0.0,2.0,3.0,41.14,145934462.0,9.0,40.0,74.0,40.9,14.51,1637892.0,1414.0,9.689280932,2.016666667,85.46666667
147,0,139,1.0,0.0,2.0,0.0,0.0,0.0,2.0,3.0,41.14,145934462.0,9.0,40.0,74.0,40.9,14.51,1637892.0,1414.0,9.689280932,2.016666667,85.46666667
199,1,190,1.0,0.0,2.0,0.0,0.0,0.0,2.0,3.0,44.31,145934462.0,9.0,40.0,74.0,40.9,14.51,1637892.0,1414.0,9.689280932,2.016666667,85.46666667
253,1,240,1.0,0.0,2.0,0.0,0.0,0.0,2.0,3.0,44.31,145934462.0,9.0,40.0,74.0,40.9,14.51,1637892.0,1414.0,9.689280932,2.016666667,85.46666667
306,1,289,3.0,0.0,2.0,0.0,0.0,0.0,2.0,3.0,49.61,145934462.0,9.0,40.0,74.0,40.9,14.51,1637892.0,1414.0,9.689280932,2.016666667,85.46666667
367,1,350,3.0,0.0,2.0,0.0,0.0,0.0,2.0,3.0,49.61,145934462.0,9.0,40.0,74.0,40.9,14.51,1637892.0,1414.0,9.689280932,2.016666667,85.46666667
438,1,420,3.0,0.0,2.0,0.0,0.0,0.0,2.0,3.0,52.78,145934462.0,9.0,40.0,74.0,40.9,14.51,1637892.0,1414.0,9.689280932,2.016666667,85.46666667
495,1,472,3.0,0.0,2.0,0.0,0.0,0.0,2.0,3.0,52.78,145934462.0,9.0,40.0,74.0,40.9,14.51,1637892.0,1414.0,9.689280932,2.016666667,85.46666667
658,3,626,3.0,0.0,2.0,0.0,0.0,0.0,2.0,3.0,52.78,145934462.0,9.0,40.0,74.0,40.9,14.51,1637892.0,1414.0,9.689280932,2.016666667,85.46666667
840,3,799,3.0,0.0,2.0,0.0,0.0,0.0,2.0,3.0,52.78,145934462.0,9.0,40.0,74.0,40.9,14.51,1637892.0,1414.0,9.689280932,2.016666667,85.46666667
1036,4,987,3.0,0.0,2.0,0.0,0.0,0.0,2.0,3.0,52.78,145934462.0,9.0,40.0,74.0,40.9,14.51,1637892.0,1414.0,9.689280932,2.016666667,85.46666667
1264,4,1211,3.0,0.0,2.0,0.0,0.0,0.0,2.0,3.0,52.78,145934462.0,9.0,40.0,74.0,40.9,14.51,1637892.0,1414.0,9.689280932,2.016666667,85.46666667
1534,8,1462,3.0,0.0,2.0,0.0,0.0,0.0,2.0,3.0,52.78,145934462.0,9.0,40.0,74.0,40.9,14.51,1637892.0,1414.0,9.689280932,2.016666667,85.46666667
1836,9,1761,3.0,3.0,2.0,0.0,0.0,0.0,2.0,3.0,63.89,145934462.0,9.0,40.0,74.0,40.9,14.51,1637892.0,1414.0,9.689280932,2.016666667,85.46666667
2337,17,2199,3.0,3.0,2.0,0.0,0.0,0.0,2.0,3.0,63.89,145934462.0,9.0,40.0,74.0,40.9,14.51,1637892.0,1414.0,9.689280932,2.016666667,85.46666667
2777,24,2563,3.0,3.0,2.0,0.0,0.0,0.0,2.0,3.0,63.89,145934462.0,9.0,40.0,74.0,40.9,14.51,1637892.0,1414.0,9.689280932,2.016666667,85.46666667
3548,30,3283,3.0,3.0,2.0,0.0,0.0,0.0,2.0,3.0,63.89,145934462.0,9.0,40.0,74.0,40.9,14.51,1637892.0,1414.0,9.689280932,2.016666667,85.46666667
4149,34,3834,3.0,3.0,2.0,0.0,0.0,0.0,2.0,3.0,63.89,145934462.0,9.0,40.0,74.0,40.9,14.51,1637892.0,1414.0,9.689280932,2.016666667,85.46666667
4731,43,4355,3.0,3.0,2.0,0.0,0.0,0.0,2.0,3.0,63.89,145934462.0,9.0,40.0,74.0,40.9,14.51,1637892.0,1414.0,9.689280932,2.016666667,85.46666667
5389,45,4989,3.0,3.0,2.0,0.0,0.0,0.0,2.0,3.0,63.89,145934462.0,9.0,40.0,74.0,40.9,14.51,1637892.0,1414.0,9.689280932,2.016666667,85.46666667
6343,47,5890,3.0,3.0,2.0,0.0,0.0,0.0,2.0,3.0,63.89,145934462.0,9.0,40.0,74.0,40.9,14.51,1637892.0,1414.0,9.689280932,2.016666667,85.46666667
7497,58,6945,3.0,3.0,2.0,0.0,0.0,0.0,2.0,3.0,63.89,145934462.0,9.0,40.0,74.0,40.9,14.51,1637892.0,1414.0,9.689280932,2.016666667,85.46666667
8672,63,8029,3.0,3.0,2.0,0.0,0.0,0.0,2.0,3.0,63.89,145934462.0,9.0,40.0,74.0,40.9,14.51,1637892.0,1414.0,9.689280932,2.016666667,85.46666667
10131,76,9357,3.0,3.0,2.0,0.0,0.0,0.0,2.0,3.0,63.89,145934462.0,9.0,40.0,74.0,40.9,14.51,1637892.0,1414.0,9.689280932,2.016666667,85.46666667
11917,94,11028,3.0,3.0,2.0,0.0,0.0,3.0,2.0,3.0,71.83,145934462.0,9.0,40.0,74.0,40.9,14.51,1637892.0,1414.0,9.689280932,2.016666667,85.46666667
13584,106,12433,3.0,3.0,2.0,0.0,0.0,3.0,2.0,3.0,71.83,145934462.0,9.0,40.0,74.0,40.9,14.51,1637892.0,1414.0,9.689280932,2.016666667,85.46666667
15770,130,14349,3.0,3.0,2.0,0.0,0.0,3.0,2.0,3.0,71.83,145934462.0,9.0,40.0,74.0,40.9,14.51,1637892.0,1414.0,9.689280932,2.016666667,85.46666667
18328,148,16710,3.0,3.0,2.0,0.0,0.0,3.0,2.0,3.0,71.83,145934462.0,9.0,40.0,74.0,40.9,14.51,1637892.0,1414.0,9.689280932,2.016666667,85.46666667
21102,170,19238,3.0,3.0,2.0,0.0,0.0,3.0,2.0,3.0,71.83,145934462.0,9.0,40.0,74.0,40.9,14.51,1637892.0,1414.0,9.689280932,2.016666667,85.46666667
24490,198,22306,3.0,3.0,2.0,0.0,0.0,3.0,2.0,3.0,71.83,145934462.0,9.0,40.0,74.0,40.9,14.51,1637892.0,1414.0,9.689280932,2.016666667,85.46666667
27938,232,25402,3.0,3.0,2.0,0.0,0.0,3.0,2.0,3.0,71.83,145934462.0,9.0,40.0,74.0,40.9,14.51,1637892.0,1414.0,9.689280932,2.016666667,85.46666667
32008,273,29145,3.0,3.0,2.0,0.0,0.0,3.0,2.0,3.0,71.83,145934462.0,9.0,40.0,74.0,40.9,14.51,1637892.0,1414.0,9.689280932,2.016666667,85.46666667
36793,313,33423,3.0,3.0,2.0,4.0,0.0,3.0,2.0,3.0,82.94,145934462.0,9.0,40.0,74.0,40.9,14.51,1637892.0,1414.0,9.689280932,2.016666667,85.46666667
42853,361,39201,3.0,3.0,2.0,4.0,0.0,3.0,2.0,3.0,82.94,145934462.0,9.0,40.0,74.0,40.9,14.51,1637892.0,1414.0,9.689280932,2.016666667,85.46666667
47121,405,43270,3.0,3.0,2.0,4.0,0.0,3.0,2.0,3.0,82.94,145934462.0,9.0,40.0,74.0,40.9,14.51,1637892.0,1414.0,9.689280932,2.016666667,85.46666667
52763,456,48434,3.0,3.0,2.0,4.0,0.0,3.0,2.0,3.0,82.94,145934462.0,9.0,40.0,74.0,40.9,14.51,1637892.0,1414.0,9.689280932,2.016666667,85.46666667
57999,513,53066,3.0,3.0,2.0,4.0,0.0,3.0,2.0,3.0,82.94,145934462.0,9.0,40.0,74.0,40.9,14.51,1637892.0,1414.0,9.689280932,2.016666667,85.46666667
62773,555,57327,3.0,3.0,2.0,4.0,0.0,3.0,2.0,3.0,82.94,145934462.0,9.0,40.0,74.0,40.9,14.51,1637892.0,1414.0,9.689280932,2.016666667,85.46666667
68622,615,62439,3.0,3.0,2.0,4.0,0.0,3.0,2.0,3.0,63.5,145934462.0,9.0,40.0,74.0,40.9,14.51,1637892.0,1414.0,9.689280932,2.016666667,85.46666667
74588,681,67657,3.0,3.0,2.0,4.0,0.0,3.0,2.0,3.0,63.5,145934462.0,9.0,40.0,74.0,40.9,14.51,1637892.0,1414.0,9.689280932,2.016666667,85.46666667
80949,747,73435,3.0,3.0,2.0,4.0,0.0,3.0,2.0,3.0,63.5,145934462.0,9.0,40.0,74.0,40.9,14.51,1637892.0,1414.0,9.689280932,2.016666667,85.46666667
87147,794,79007,3.0,3.0,2.0,4.0,0.0,3.0,0.0,3.0,63.5,145934462.0,9.0,40.0,74.0,40.9,14.51,1637892.0,1414.0,9.689280932,2.016666667,85.46666667
93558,867,84235,3.0,3.0,2.0,4.0,0.0,3.0,0.0,3.0,63.5,145934462.0,9.0,40.0,74.0,40.9,14.51,1637892.0,1414.0,9.689280932,2.016666667,85.46666667
99399,972,88141,3.0,3.0,2.0,4.0,0.0,3.0,0.0,3.0,63.5,145934462.0,9.0,40.0,74.0,40.9,14.51,1637892.0,1414.0,9.689280932,2.016666667,85.46666667
106498,1073,93806,3.0,3.0,2.0,4.0,0.0,3.0,0.0,3.0,63.5,145934462.0,9.0,40.0,74.0,40.9,14.51,1637892.0,1414.0,9.689280932,2.016666667,85.46666667
0,0,0,0.0,0.0,0.0,0.0,0.0,0.0,0.0,0.0,0.0,83992949.0,52.0,32.0,76.0,11.1,18.84,458500.0,1262.0,15.02507074,11.91666667,44.28333333
0,0,0,0.0,0.0,0.0,0.0,0.0,0.0,0.0,0.0,0.0,83992949.0,52.0,32.0,76.0,11.1,18.84,458500.0,1262.0,15.02507074,11.91666667,44.28333333
0,0,0,0.0,0.0,0.0,0.0,0.0,0.0,0.0,0.0,0.0,83992949.0,52.0,32.0,76.0,11.1,18.84,458500.0,1262.0,15.02507074,11.91666667,44.28333333
0,0,0,0.0,0.0,0.0,0.0,0.0,0.0,0.0,0.0,0.0,83992949.0,52.0,32.0,76.0,11.1,18.84,458500.0,1262.0,15.02507074,11.91666667,44.28333333
2,2,0,0.0,0.0,0.0,0.0,0.0,0.0,0.0,0.0,0.0,83992949.0,52.0,32.0,76.0,11.1,18.84,458500.0,1262.0,15.02507074,11.91666667,44.28333333
5,2,3,0.0,0.0,1.0,0.0,0.0,0.0,0.0,0.0,3.97,83992949.0,52.0,32.0,76.0,11.1,18.84,458500.0,1262.0,15.02507074,11.91666667,44.28333333
18,4,14,0.0,0.0,1.0,0.0,0.0,0.0,0.0,0.0,3.97,83992949.0,52.0,32.0,76.0,11.1,18.84,458500.0,1262.0,15.02507074,11.91666667,44.28333333
29,6,23,0.0,0.0,2.0,0.0,0.0,0.0,0.0,0.0,11.11,83992949.0,52.0,32.0,76.0,11.1,18.84,458500.0,1262.0,15.02507074,11.91666667,44.28333333
43,8,34,0.0,0.0,2.0,0.0,0.0,0.0,0.0,0.0,11.11,83992949.0,52.0,32.0,76.0,11.1,18.84,458500.0,1262.0,15.02507074,11.91666667,44.28333333
61,12,46,0.0,0.0,2.0,0.0,0.0,0.0,0.0,0.0,11.11,83992949.0,52.0,32.0,76.0,11.1,18.84,458500.0,1262.0,15.02507074,11.91666667,44.28333333
95,16,54,0.0,0.0,2.0,0.0,0.0,0.0,0.0,0.0,11.11,83992949.0,52.0,32.0,76.0,11.1,18.84,458500.0,1262.0,15.02507074,11.91666667,44.28333333
139,19,95,0.0,1.0,2.0,0.0,0.0,0.0,0.0,0.0,20.9,83992949.0,52.0,32.0,76.0,11.1,18.84,458500.0,1262.0,15.02507074,11.91666667,44.28333333
245,26,165,0.0,1.0,2.0,0.0,0.0,0.0,0.0,0.0,20.9,83992949.0,52.0,32.0,76.0,11.1,18.84,458500.0,1262.0,15.02507074,11.91666667,44.28333333
388,34,281,0.0,1.0,2.0,0.0,0.0,0.0,0.0,0.0,20.9,83992949.0,52.0,32.0,76.0,11.1,18.84,458500.0,1262.0,15.02507074,11.91666667,44.28333333
593,43,427,0.0,1.0,2.0,0.0,0.0,0.0,0.0,0.0,20.9,83992949.0,52.0,32.0,76.0,11.1,18.84,458500.0,1262.0,15.02507074,11.91666667,44.28333333
978,54,749,0.0,1.0,2.0,0.0,0.0,0.0,0.0,0.0,20.9,83992949.0,52.0,32.0,76.0,11.1,18.84,458500.0,1262.0,15.02507074,11.91666667,44.28333333
1501,66,1144,0.0,1.0,2.0,0.0,0.0,0.0,0.0,0.0,20.9,83992949.0,52.0,32.0,76.0,11.1,18.84,458500.0,1262.0,15.02507074,11.91666667,44.28333333
2336,77,1824,0.0,1.0,2.0,0.0,0.0,0.0,0.0,0.0,20.9,83992949.0,52.0,32.0,76.0,11.1,18.84,458500.0,1262.0,15.02507074,11.91666667,44.28333333
2922,92,2278,0.0,1.0,2.0,0.0,0.0,0.0,0.0,0.0,20.9,83992949.0,52.0,32.0,76.0,11.1,18.84,458500.0,1262.0,15.02507074,11.91666667,44.28333333
3513,108,2666,3.0,1.0,2.0,0.0,0.0,0.0,2.0,0.0,43.12,83992949.0,52.0,32.0,76.0,11.1,18.84,458500.0,1262.0,15.02507074,11.91666667,44.28333333
4747,124,3710,3.0,1.0,2.0,0.0,0.0,0.0,2.0,0.0,43.12,83992949.0,52.0,32.0,76.0,11.1,18.84,458500.0,1262.0,15.02507074,11.91666667,44.28333333
5823,145,4009,3.0,1.0,2.0,0.0,0.0,0.0,2.0,0.0,43.12,83992949.0,52.0,32.0,76.0,11.1,18.84,458500.0,1262.0,15.02507074,11.91666667,44.28333333
6566,194,4238,3.0,1.0,2.0,0.0,0.0,0.0,2.0,0.0,43.12,83992949.0,52.0,32.0,76.0,11.1,18.84,458500.0,1262.0,15.02507074,11.91666667,44.28333333
7161,237,4530,3.0,1.0,2.0,0.0,0.0,0.0,2.0,0.0,43.12,83992949.0,52.0,32.0,76.0,11.1,18.84,458500.0,1262.0,15.02507074,11.91666667,44.28333333
8042,291,5020,3.0,1.0,2.0,0.0,0.0,0.0,2.0,0.0,43.12,83992949.0,52.0,32.0,76.0,11.1,18.84,458500.0,1262.0,15.02507074,11.91666667,44.28333333
9000,354,5687,3.0,1.0,2.0,0.0,0.0,0.0,2.0,0.0,43.12,83992949.0,52.0,32.0,76.0,11.1,18.84,458500.0,1262.0,15.02507074,11.91666667,44.28333333
10075,429,6370,3.0,1.0,2.0,0.0,0.0,0.0,2.0,0.0,43.12,83992949.0,52.0,32.0,76.0,11.1,18.84,458500.0,1262.0,15.02507074,11.91666667,44.28333333
11364,514,7321,3.0,0.0,2.0,0.0,0.0,0.0,2.0,0.0,40.47,83992949.0,52.0,32.0,76.0,11.1,18.84,458500.0,1262.0,15.02507074,11.91666667,44.28333333
12729,611,7779,3.0,0.0,2.0,0.0,0.0,0.0,2.0,0.0,40.47,83992949.0,52.0,32.0,76.0,11.1,18.84,458500.0,1262.0,15.02507074,11.91666667,44.28333333
13938,724,8624,3.0,0.0,2.0,0.0,0.0,0.0,2.0,0.0,40.47,83992949.0,52.0,32.0,76.0,11.1,18.84,458500.0,1262.0,15.02507074,11.91666667,44.28333333
14991,853,9142,3.0,0.0,2.0,0.0,0.0,0.0,2.0,0.0,40.47,83992949.0,52.0,32.0,76.0,11.1,18.84,458500.0,1262.0,15.02507074,11.91666667,44.28333333
16169,988,9792,3.0,0.0,2.0,0.0,0.0,0.0,2.0,0.0,40.47,83992949.0,52.0,32.0,76.0,11.1,18.84,458500.0,1262.0,15.02507074,11.91666667,44.28333333
17361,1135,10516,3.0,0.0,2.0,0.0,0.0,0.0,2.0,0.0,40.47,83992949.0,52.0,32.0,76.0,11.1,18.84,458500.0,1262.0,15.02507074,11.91666667,44.28333333
18407,1284,11144,3.0,0.0,2.0,0.0,0.0,1.0,2.0,0.0,46.29,83992949.0,52.0,32.0,76.0,11.1,18.84,458500.0,1262.0,15.02507074,11.91666667,44.28333333
19644,1433,11466,3.0,0.0,2.0,0.0,0.0,1.0,2.0,0.0,46.29,83992949.0,52.0,32.0,76.0,11.1,18.84,458500.0,1262.0,15.02507074,11.91666667,44.28333333
20610,1556,11419,3.0,0.0,2.0,0.0,0.0,1.0,2.0,0.0,46.29,83992949.0,52.0,32.0,76.0,11.1,18.84,458500.0,1262.0,15.02507074,11.91666667,44.28333333
21638,1685,12040,3.0,3.0,2.0,0.0,0.0,1.0,2.0,0.0,54.23,83992949.0,52.0,32.0,76.0,11.1,18.84,458500.0,1262.0,15.02507074,11.91666667,44.28333333
23049,1812,12861,3.0,3.0,2.0,0.0,0.0,1.0,2.0,0.0,54.23,83992949.0,52.0,32.0,76.0,11.1,18.84,458500.0,1262.0,15.02507074,11.91666667,44.28333333
24811,1934,13964,3.0,3.0,2.0,0.0,0.0,1.0,2.0,0.0,54.23,83992949.0,52.0,32.0,76.0,11.1,18.84,458500.0,1262.0,15.02507074,11.91666667,44.28333333
27017,2077,15315,3.0,3.0,2.0,0.0,0.0,1.0,2.0,0.0,54.23,83992949.0,52.0,32.0,76.0,11.1,18.84,458500.0,1262.0,15.02507074,11.91666667,44.28333333
29406,2234,16715,3.0,3.0,2.0,0.0,0.0,1.0,2.0,0.0,54.23,83992949.0,52.0,32.0,76.0,11.1,18.84,458500.0,1262.0,15.02507074,11.91666667,44.28333333
32332,2378,18821,3.0,3.0,2.0,0.0,2.0,1.0,2.0,0.0,62.17,83992949.0,52.0,32.0,76.0,11.1,18.84,458500.0,1262.0,15.02507074,11.91666667,44.28333333
35408,2517,21212,3.0,3.0,2.0,0.0,2.0,1.0,2.0,0.0,62.17,83992949.0,52.0,32.0,76.0,11.1,18.84,458500.0,1262.0,15.02507074,11.91666667,44.28333333
38309,2640,23278,3.0,3.0,2.0,0.0,2.0,1.0,2.0,0.0,62.17,83992949.0,52.0,32.0,76.0,11.1,18.84,458500.0,1262.0,15.02507074,11.91666667,44.28333333
41495,2757,24827,3.0,3.0,2.0,0.0,2.0,1.0,2.0,0.0,62.17,83992949.0,52.0,32.0,76.0,11.1,18.84,458500.0,1262.0,15.02507074,11.91666667,44.28333333
44605,2898,27051,3.0,3.0,2.0,0.0,2.0,1.0,2.0,0.0,62.17,83992949.0,52.0,32.0,76.0,11.1,18.84,458500.0,1262.0,15.02507074,11.91666667,44.28333333
47593,3036,29084,3.0,3.0,2.0,0.0,2.0,1.0,2.0,0.0,62.17,83992949.0,52.0,32.0,76.0,11.1,18.84,458500.0,1262.0,15.02507074,11.91666667,44.28333333
50468,3160,30597,3.0,3.0,2.0,0.0,2.0,1.0,2.0,0.0,62.17,83992949.0,52.0,32.0,76.0,11.1,18.84,458500.0,1262.0,15.02507074,11.91666667,44.28333333
53183,3294,31954,3.0,3.0,2.0,0.0,2.0,1.0,2.0,0.0,62.17,83992949.0,52.0,32.0,76.0,11.1,18.84,458500.0,1262.0,15.02507074,11.91666667,44.28333333
55743,3452,32555,3.0,3.0,2.0,0.0,2.0,1.0,2.0,0.0,62.17,83992949.0,52.0,32.0,76.0,11.1,18.84,458500.0,1262.0,15.02507074,11.91666667,44.28333333
58226,3603,32612,3.0,3.0,2.0,0.0,2.0,1.0,2.0,0.0,65.34,83992949.0,52.0,32.0,76.0,11.1,18.84,458500.0,1262.0,15.02507074,11.91666667,44.28333333
60500,3739,32525,3.0,3.0,2.0,0.0,2.0,1.0,2.0,0.0,65.34,83992949.0,52.0,32.0,76.0,11.1,18.84,458500.0,1262.0,15.02507074,11.91666667,44.28333333
62589,3872,31678,3.0,3.0,2.0,0.0,2.0,1.0,2.0,0.0,65.34,83992949.0,52.0,32.0,76.0,11.1,18.84,458500.0,1262.0,15.02507074,11.91666667,44.28333333
64586,3993,30781,3.0,3.0,2.0,0.0,2.0,1.0,2.0,0.0,65.34,83992949.0,52.0,32.0,76.0,11.1,18.84,458500.0,1262.0,15.02507074,11.91666667,44.28333333
66220,4110,29801,3.0,3.0,2.0,0.0,2.0,1.0,2.0,0.0,65.34,83992949.0,52.0,32.0,76.0,11.1,18.84,458500.0,1262.0,15.02507074,11.91666667,44.28333333
68192,4232,28495,3.0,3.0,2.0,0.0,2.0,1.0,2.0,0.0,65.34,83992949.0,52.0,32.0,76.0,11.1,18.84,458500.0,1262.0,15.02507074,11.91666667,44.28333333
70029,4357,23725,3.0,2.0,2.0,0.0,2.0,1.0,2.0,0.0,59.53,83992949.0,52.0,32.0,76.0,11.1,18.84,458500.0,1262.0,15.02507074,11.91666667,44.28333333
71686,4474,23318,3.0,2.0,2.0,0.0,2.0,1.0,2.0,0.0,59.53,83992949.0,52.0,32.0,76.0,11.1,18.84,458500.0,1262.0,15.02507074,11.91666667,44.28333333
73303,4585,22735,3.0,2.0,2.0,0.0,2.0,1.0,2.0,0.0,59.53,83992949.0,52.0,32.0,76.0,11.1,18.84,458500.0,1262.0,15.02507074,11.91666667,44.28333333
74877,4683,22065,3.0,2.0,2.0,0.0,2.0,1.0,2.0,0.0,59.53,83992949.0,52.0,32.0,76.0,11.1,18.84,458500.0,1262.0,15.02507074,11.91666667,44.28333333
76389,4777,21679,3.0,2.0,2.0,0.0,2.0,1.0,2.0,0.0,59.53,83992949.0,52.0,32.0,76.0,11.1,18.84,458500.0,1262.0,15.02507074,11.91666667,44.28333333
77995,4869,20897,3.0,2.0,2.0,0.0,2.0,1.0,2.0,0.0,59.53,83992949.0,52.0,32.0,76.0,11.1,18.84,458500.0,1262.0,15.02507074,11.91666667,44.28333333
79494,4958,20472,3.0,2.0,2.0,0.0,2.0,1.0,2.0,0.0,59.53,83992949.0,52.0,32.0,76.0,11.1,18.84,458500.0,1262.0,15.02507074,11.91666667,44.28333333
80868,5031,19850,3.0,2.0,2.0,0.0,2.0,1.0,2.0,0.0,59.53,83992949.0,52.0,32.0,76.0,11.1,18.84,458500.0,1262.0,15.02507074,11.91666667,44.28333333
82211,5118,20070,3.0,2.0,2.0,0.0,2.0,1.0,2.0,0.0,59.53,83992949.0,52.0,32.0,76.0,11.1,18.84,458500.0,1262.0,15.02507074,11.91666667,44.28333333
83505,5209,19023,3.0,2.0,2.0,0.0,0.0,1.0,2.0,0.0,51.59,83992949.0,52.0,32.0,76.0,11.1,18.84,458500.0,1262.0,15.02507074,11.91666667,44.28333333
84802,5297,18540,3.0,2.0,2.0,0.0,0.0,1.0,2.0,0.0,51.59,83992949.0,52.0,32.0,76.0,11.1,18.84,458500.0,1262.0,15.02507074,11.91666667,44.28333333
85996,5391,17492,3.0,2.0,2.0,0.0,0.0,1.0,2.0,0.0,51.59,83992949.0,52.0,32.0,76.0,11.1,18.84,458500.0,1262.0,15.02507074,11.91666667,44.28333333
87026,5481,16702,3.0,2.0,2.0,0.0,0.0,1.0,2.0,0.0,51.59,83992949.0,52.0,32.0,76.0,11.1,18.84,458500.0,1262.0,15.02507074,11.91666667,44.28333333
88194,5574,16021,3.0,2.0,2.0,0.0,0.0,1.0,2.0,0.0,51.59,83992949.0,52.0,32.0,76.0,11.1,18.84,458500.0,1262.0,15.02507074,11.91666667,44.28333333
89328,5650,15485,3.0,2.0,2.0,0.0,0.0,1.0,2.0,0.0,51.59,83992949.0,52.0,32.0,76.0,11.1,18.84,458500.0,1262.0,15.02507074,11.91666667,44.28333333
90481,5710,15114,3.0,2.0,2.0,0.0,0.0,1.0,2.0,0.0,51.59,83992949.0,52.0,32.0,76.0,11.1,18.84,458500.0,1262.0,15.02507074,11.91666667,44.28333333
91472,5806,14733,3.0,2.0,2.0,0.0,0.0,1.0,2.0,0.0,51.59,83992949.0,52.0,32.0,76.0,11.1,18.84,458500.0,1262.0,15.02507074,11.91666667,44.28333333
92584,5877,14268,3.0,2.0,2.0,0.0,0.0,1.0,2.0,0.0,51.59,83992949.0,52.0,32.0,76.0,11.1,18.84,458500.0,1262.0,15.02507074,11.91666667,44.28333333
93657,5957,13909,3.0,2.0,2.0,0.0,0.0,1.0,2.0,0.0,51.59,83992949.0,52.0,32.0,76.0,11.1,18.84,458500.0,1262.0,15.02507074,11.91666667,44.28333333
94640,6028,13509,3.0,2.0,2.0,0.0,0.0,1.0,2.0,0.0,51.59,83992949.0,52.0,32.0,76.0,11.1,18.84,458500.0,1262.0,15.02507074,11.91666667,44.28333333
571,17,554,0.0,0.0,1.0,4.0,0.0,0.0,0.0,0.0,19.05,1439323776.0,153.0,38.0,61.0,24.7,63.1,14140163.0,762.0,0.52941528,9.9,39.03333333
830,25,771,0.0,0.0,2.0,4.0,2.0,2.0,2.0,0.0,44.19,1439323776.0,153.0,38.0,61.0,24.7,63.1,14140163.0,762.0,0.52941528,9.9,39.03333333
1287,41,1208,0.0,0.0,2.0,4.0,2.0,2.0,2.0,0.0,44.19,1439323776.0,153.0,38.0,61.0,24.7,63.1,14140163.0,762.0,0.52941528,9.9,39.03333333
1975,56,1870,0.0,0.0,2.0,4.0,2.0,2.0,2.0,0.0,44.19,1439323776.0,153.0,38.0,61.0,24.7,63.1,14140163.0,762.0,0.52941528,9.9,39.03333333
2744,80,2613,3.0,3.0,2.0,4.0,2.0,2.0,2.0,0.0,66.42,1439323776.0,153.0,38.0,61.0,24.7,63.1,14140163.0,762.0,0.52941528,9.9,39.03333333
4515,106,4349,3.0,3.0,2.0,4.0,2.0,2.0,2.0,0.0,66.42,1439323776.0,153.0,38.0,61.0,24.7,63.1,14140163.0,762.0,0.52941528,9.9,39.03333333
5974,132,5739,3.0,3.0,2.0,4.0,2.0,2.0,2.0,0.0,66.42,1439323776.0,153.0,38.0,61.0,24.7,63.1,14140163.0,762.0,0.52941528,9.9,39.03333333
7711,170,7417,3.0,3.0,2.0,4.0,2.0,2.0,2.0,0.0,66.42,1439323776.0,153.0,38.0,61.0,24.7,63.1,14140163.0,762.0,0.52941528,9.9,39.03333333
9692,213,9308,3.0,3.0,2.0,4.0,2.0,2.0,2.0,0.0,66.42,1439323776.0,153.0,38.0,61.0,24.7,63.1,14140163.0,762.0,0.52941528,9.9,39.03333333
11791,259,11289,3.0,3.0,2.0,4.0,2.0,2.0,2.0,0.0,66.42,1439323776.0,153.0,38.0,61.0,24.7,63.1,14140163.0,762.0,0.52941528,9.9,39.03333333
14380,304,13748,3.0,3.0,2.0,4.0,2.0,2.0,2.0,0.0,66.42,1439323776.0,153.0,38.0,61.0,24.7,63.1,14140163.0,762.0,0.52941528,9.9,39.03333333
17205,361,16369,3.0,3.0,2.0,4.0,2.0,2.0,2.0,0.0,66.42,1439323776.0,153.0,38.0,61.0,24.7,63.1,14140163.0,762.0,0.52941528,9.9,39.03333333
20440,425,19383,3.0,3.0,2.0,4.0,2.0,2.0,2.0,0.0,61.12,1439323776.0,153.0,38.0,61.0,24.7,63.1,14140163.0,762.0,0.52941528,9.9,39.03333333
24324,490,22942,3.0,3.0,2.0,4.0,2.0,2.0,2.0,0.0,61.12,1439323776.0,153.0,38.0,61.0,24.7,63.1,14140163.0,762.0,0.52941528,9.9,39.03333333
28018,563,26302,3.0,3.0,2.0,4.0,2.0,2.0,2.0,0.0,61.12,1439323776.0,153.0,38.0,61.0,24.7,63.1,14140163.0,762.0,0.52941528,9.9,39.03333333
31161,636,28985,3.0,3.0,2.0,4.0,2.0,2.0,2.0,0.0,61.12,1439323776.0,153.0,38.0,61.0,24.7,63.1,14140163.0,762.0,0.52941528,9.9,39.03333333
34546,722,31774,3.0,3.0,2.0,4.0,2.0,2.0,2.0,0.0,61.12,1439323776.0,153.0,38.0,61.0,24.7,63.1,14140163.0,762.0,0.52941528,9.9,39.03333333
37198,811,33738,3.0,3.0,2.0,4.0,2.0,2.0,2.0,0.0,61.12,1439323776.0,153.0,38.0,61.0,24.7,63.1,14140163.0,762.0,0.52941528,9.9,39.03333333
40171,908,35982,3.0,3.0,2.0,4.0,2.0,2.0,2.0,0.0,61.12,1439323776.0,153.0,38.0,61.0,24.7,63.1,14140163.0,762.0,0.52941528,9.9,39.03333333
42638,1016,37626,3.0,3.0,2.0,4.0,2.0,2.0,2.0,0.0,57.95,1439323776.0,153.0,38.0,61.0,24.7,63.1,14140163.0,762.0,0.52941528,9.9,39.03333333
44653,1113,38791,3.0,3.0,2.0,4.0,2.0,2.0,2.0,0.0,57.95,1439323776.0,153.0,38.0,61.0,24.7,63.1,14140163.0,762.0,0.52941528,9.9,39.03333333
58761,1259,51591,3.0,3.0,2.0,4.0,2.0,2.0,2.0,0.0,57.95,1439323776.0,153.0,38.0,61.0,24.7,63.1,14140163.0,762.0,0.52941528,9.9,39.03333333
63851,1380,55748,3.0,3.0,2.0,4.0,2.0,2.0,2.0,0.0,57.95,1439323776.0,153.0,38.0,61.0,24.7,63.1,14140163.0,762.0,0.52941528,9.9,39.03333333
66492,1523,56873,3.0,3.0,2.0,4.0,2.0,2.0,2.0,0.0,57.95,1439323776.0,153.0,38.0,61.0,24.7,63.1,14140163.0,762.0,0.52941528,9.9,39.03333333
68500,1665,57416,3.0,3.0,2.0,4.0,2.0,2.0,2.0,0.0,57.95,1439323776.0,153.0,38.0,61.0,24.7,63.1,14140163.0,762.0,0.52941528,9.9,39.03333333
70548,1770,57934,3.0,3.0,2.0,4.0,2.0,2.0,2.0,0.0,57.95,1439323776.0,153.0,38.0,61.0,24.7,63.1,14140163.0,762.0,0.52941528,9.9,39.03333333
72436,1868,58016,3.0,3.0,2.0,4.0,2.0,2.0,2.0,0.0,57.95,1439323776.0,153.0,38.0,61.0,24.7,63.1,14140163.0,762.0,0.52941528,9.9,39.03333333
74185,2004,57805,3.0,3.0,2.0,4.0,2.0,2.0,2.0,0.0,57.95,1439323776.0,153.0,38.0,61.0,24.7,63.1,14140163.0,762.0,0.52941528,9.9,39.03333333
74576,2118,56301,3.0,3.0,2.0,4.0,2.0,2.0,2.0,0.0,57.95,1439323776.0,153.0,38.0,61.0,24.7,63.1,14140163.0,762.0,0.52941528,9.9,39.03333333
75465,2236,54921,3.0,3.0,2.0,4.0,2.0,2.0,2.0,0.0,57.95,1439323776.0,153.0,38.0,61.0,24.7,63.1,14140163.0,762.0,0.52941528,9.9,39.03333333
76288,2345,53284,3.0,3.0,2.0,4.0,2.0,2.0,2.0,0.0,57.95,1439323776.0,153.0,38.0,61.0,24.7,63.1,14140163.0,762.0,0.52941528,9.9,39.03333333
76936,2442,52093,3.0,3.0,2.0,4.0,2.0,2.0,2.0,0.0,57.95,1439323776.0,153.0,38.0,61.0,24.7,63.1,14140163.0,762.0,0.52941528,9.9,39.03333333
77150,2592,49824,3.0,3.0,2.0,4.0,2.0,2.0,2.0,0.0,57.95,1439323776.0,153.0,38.0,61.0,24.7,63.1,14140163.0,762.0,0.52941528,9.9,39.03333333
77658,2663,47765,3.0,3.0,2.0,4.0,2.0,2.0,2.0,0.0,57.95,1439323776.0,153.0,38.0,61.0,24.7,63.1,14140163.0,762.0,0.52941528,9.9,39.03333333
78064,2715,45600,3.0,3.0,2.0,4.0,2.0,2.0,2.0,2.0,63.51,1439323776.0,153.0,38.0,61.0,24.7,63.1,14140163.0,762.0,0.52941528,9.9,39.03333333
78497,2744,43258,3.0,3.0,2.0,4.0,2.0,2.0,2.0,2.0,63.51,1439323776.0,153.0,38.0,61.0,24.7,63.1,14140163.0,762.0,0.52941528,9.9,39.03333333
78824,2788,39919,3.0,3.0,2.0,4.0,2.0,2.0,2.0,2.0,63.51,1439323776.0,153.0,38.0,61.0,24.7,63.1,14140163.0,762.0,0.52941528,9.9,39.03333333
79251,2835,37414,3.0,3.0,2.0,4.0,2.0,2.0,2.0,2.0,63.51,1439323776.0,153.0,38.0,61.0,24.7,63.1,14140163.0,762.0,0.52941528,9.9,39.03333333
79824,2870,35129,3.0,3.0,2.0,4.0,2.0,2.0,2.0,2.0,63.51,1439323776.0,153.0,38.0,61.0,24.7,63.1,14140163.0,762.0,0.52941528,9.9,39.03333333
80026,2912,32616,3.0,3.0,2.0,4.0,2.0,2.0,2.0,2.0,63.51,1439323776.0,153.0,38.0,61.0,24.7,63.1,14140163.0,762.0,0.52941528,9.9,39.03333333
80151,2943,30004,3.0,3.0,2.0,4.0,2.0,2.0,2.0,2.0,63.51,1439323776.0,153.0,38.0,61.0,24.7,63.1,14140163.0,762.0,0.52941528,9.9,39.03333333
80270,2981,27423,3.0,3.0,2.0,4.0,2.0,2.0,2.0,2.0,63.51,1439323776.0,153.0,38.0,61.0,24.7,63.1,14140163.0,762.0,0.52941528,9.9,39.03333333
80409,3012,25353,3.0,3.0,2.0,4.0,2.0,2.0,2.0,2.0,63.51,1439323776.0,153.0,38.0,61.0,24.7,63.1,14140163.0,762.0,0.52941528,9.9,39.03333333
80552,3042,23784,3.0,3.0,2.0,4.0,2.0,2.0,2.0,2.0,63.51,1439323776.0,153.0,38.0,61.0,24.7,63.1,14140163.0,762.0,0.52941528,9.9,39.03333333
80651,3070,22179,3.0,3.0,2.0,4.0,2.0,2.0,2.0,2.0,63.51,1439323776.0,153.0,38.0,61.0,24.7,63.1,14140163.0,762.0,0.52941528,9.9,39.03333333
80695,3097,20533,3.0,3.0,2.0,4.0,2.0,2.0,2.0,2.0,63.51,1439323776.0,153.0,38.0,61.0,24.7,63.1,14140163.0,762.0,0.52941528,9.9,39.03333333
80735,3119,19016,3.0,3.0,2.0,4.0,2.0,2.0,2.0,2.0,63.51,1439323776.0,153.0,38.0,61.0,24.7,63.1,14140163.0,762.0,0.52941528,9.9,39.03333333
80754,3136,17721,3.0,3.0,2.0,4.0,2.0,2.0,2.0,2.0,63.51,1439323776.0,153.0,38.0,61.0,24.7,63.1,14140163.0,762.0,0.52941528,9.9,39.03333333
80778,3158,16136,3.0,3.0,2.0,4.0,2.0,2.0,2.0,2.0,63.51,1439323776.0,153.0,38.0,61.0,24.7,63.1,14140163.0,762.0,0.52941528,9.9,39.03333333
80793,3169,14831,3.0,3.0,2.0,4.0,2.0,2.0,2.0,2.0,63.51,1439323776.0,153.0,38.0,61.0,24.7,63.1,14140163.0,762.0,0.52941528,9.9,39.03333333
80813,3176,13524,3.0,3.0,2.0,4.0,2.0,2.0,1.0,2.0,59.54,1439323776.0,153.0,38.0,61.0,24.7,63.1,14140163.0,762.0,0.52941528,9.9,39.03333333
80824,3189,12088,3.0,3.0,2.0,4.0,2.0,2.0,1.0,2.0,59.54,1439323776.0,153.0,38.0,61.0,24.7,63.1,14140163.0,762.0,0.52941528,9.9,39.03333333
80844,3199,10733,3.0,3.0,2.0,4.0,2.0,2.0,1.0,2.0,59.54,1439323776.0,153.0,38.0,61.0,24.7,63.1,14140163.0,762.0,0.52941528,9.9,39.03333333
80860,3213,9893,3.0,3.0,2.0,4.0,2.0,2.0,1.0,2.0,59.54,1439323776.0,153.0,38.0,61.0,24.7,63.1,14140163.0,762.0,0.52941528,9.9,39.03333333
80881,3226,8967,3.0,3.0,2.0,4.0,2.0,2.0,1.0,2.0,56.37,1439323776.0,153.0,38.0,61.0,24.7,63.1,14140163.0,762.0,0.52941528,9.9,39.03333333
80894,3237,8056,3.0,3.0,2.0,4.0,2.0,2.0,1.0,2.0,56.37,1439323776.0,153.0,38.0,61.0,24.7,63.1,14140163.0,762.0,0.52941528,9.9,39.03333333
80928,3245,7263,3.0,3.0,2.0,4.0,2.0,2.0,1.0,2.0,56.37,1439323776.0,153.0,38.0,61.0,24.7,63.1,14140163.0,762.0,0.52941528,9.9,39.03333333
80967,3248,6569,3.0,3.0,2.0,4.0,2.0,2.0,1.0,2.0,56.37,1439323776.0,153.0,38.0,61.0,24.7,63.1,14140163.0,762.0,0.52941528,9.9,39.03333333
81008,3255,6013,3.0,3.0,2.0,4.0,2.0,2.0,1.0,2.0,56.37,1439323776.0,153.0,38.0,61.0,24.7,63.1,14140163.0,762.0,0.52941528,9.9,39.03333333
81054,3261,5353,3.0,3.0,2.0,4.0,2.0,2.0,1.0,2.0,56.37,1439323776.0,153.0,38.0,61.0,24.7,63.1,14140163.0,762.0,0.52941528,9.9,39.03333333
81093,3270,5120,3.0,3.0,2.0,4.0,2.0,2.0,1.0,2.0,56.37,1439323776.0,153.0,38.0,61.0,24.7,63.1,14140163.0,762.0,0.52941528,9.9,39.03333333
81171,3277,4735,3.0,3.0,2.0,4.0,2.0,2.0,1.0,2.0,56.37,1439323776.0,153.0,38.0,61.0,24.7,63.1,14140163.0,762.0,0.52941528,9.9,39.03333333
81218,3281,4287,3.0,3.0,2.0,4.0,2.0,2.0,2.0,2.0,60.34,1439323776.0,153.0,38.0,61.0,24.7,63.1,14140163.0,762.0,0.52941528,9.9,39.03333333
81285,3287,3947,3.0,3.0,2.0,4.0,2.0,2.0,2.0,2.0,60.34,1439323776.0,153.0,38.0,61.0,24.7,63.1,14140163.0,762.0,0.52941528,9.9,39.03333333
81340,3292,3460,3.0,3.0,2.0,4.0,2.0,2.0,2.0,3.0,63.11,1439323776.0,153.0,38.0,61.0,24.7,63.1,14140163.0,762.0,0.52941528,9.9,39.03333333
81394,3295,3128,3.0,3.0,2.0,4.0,2.0,2.0,2.0,3.0,63.11,1439323776.0,153.0,38.0,61.0,24.7,63.1,14140163.0,762.0,0.52941528,9.9,39.03333333
81439,3300,2691,3.0,3.0,2.0,4.0,0.0,2.0,2.0,3.0,55.17,1439323776.0,153.0,38.0,61.0,24.7,63.1,14140163.0,762.0,0.52941528,9.9,39.03333333
81439,3300,2691,3.0,3.0,2.0,4.0,0.0,2.0,2.0,3.0,55.17,1439323776.0,153.0,38.0,61.0,24.7,63.1,14140163.0,762.0,0.52941528,9.9,39.03333333
81518,3305,2161,3.0,3.0,2.0,4.0,0.0,2.0,2.0,3.0,55.17,1439323776.0,153.0,38.0,61.0,24.7,63.1,14140163.0,762.0,0.52941528,9.9,39.03333333
81554,3312,2004,3.0,3.0,2.0,4.0,0.0,2.0,2.0,3.0,55.17,1439323776.0,153.0,38.0,61.0,24.7,63.1,14140163.0,762.0,0.52941528,9.9,39.03333333
81589,3318,1863,3.0,3.0,2.0,4.0,0.0,2.0,2.0,3.0,55.17,1439323776.0,153.0,38.0,61.0,24.7,63.1,14140163.0,762.0,0.52941528,9.9,39.03333333
81620,3322,1727,3.0,3.0,2.0,4.0,0.0,2.0,2.0,3.0,55.17,1439323776.0,153.0,38.0,61.0,24.7,63.1,14140163.0,762.0,0.52941528,9.9,39.03333333
81639,3326,1558,3.0,2.0,2.0,4.0,0.0,2.0,2.0,3.0,52.53,1439323776.0,153.0,38.0,61.0,24.7,63.1,14140163.0,762.0,0.52941528,9.9,39.03333333
81669,3329,1376,3.0,2.0,2.0,4.0,0.0,2.0,2.0,3.0,52.53,1439323776.0,153.0,38.0,61.0,24.7,63.1,14140163.0,762.0,0.52941528,9.9,39.03333333
81708,3331,1299,3.0,2.0,2.0,4.0,0.0,2.0,2.0,3.0,52.53,1439323776.0,153.0,38.0,61.0,24.7,63.1,14140163.0,762.0,0.52941528,9.9,39.03333333
81740,3331,1242,3.0,2.0,2.0,4.0,0.0,2.0,2.0,3.0,52.53,1439323776.0,153.0,38.0,61.0,24.7,63.1,14140163.0,762.0,0.52941528,9.9,39.03333333
81802,3333,1190,3.0,2.0,2.0,4.0,0.0,2.0,2.0,3.0,52.53,1439323776.0,153.0,38.0,61.0,24.7,63.1,14140163.0,762.0,0.52941528,9.9,39.03333333
81865,3335,1160,3.0,2.0,2.0,4.0,0.0,0.0,0.0,3.0,44.59,1439323776.0,153.0,38.0,61.0,24.7,63.1,14140163.0,762.0,0.52941528,9.9,39.03333333
81907,3336,1116,3.0,2.0,2.0,4.0,0.0,0.0,0.0,3.0,44.59,1439323776.0,153.0,38.0,61.0,24.7,63.1,14140163.0,762.0,0.52941528,9.9,39.03333333
81953,3339,1089,3.0,2.0,2.0,4.0,0.0,0.0,0.0,3.0,44.59,1439323776.0,153.0,38.0,61.0,24.7,63.1,14140163.0,762.0,0.52941528,9.9,39.03333333
82052,3339,1138,3.0,2.0,2.0,4.0,0.0,0.0,0.0,3.0,44.59,1439323776.0,153.0,38.0,61.0,24.7,63.1,14140163.0,762.0,0.52941528,9.9,39.03333333
82160,3341,1156,3.0,2.0,2.0,4.0,0.0,0.0,0.0,3.0,44.59,1439323776.0,153.0,38.0,61.0,24.7,63.1,14140163.0,762.0,0.52941528,9.9,39.03333333
82249,3341,1170,3.0,2.0,2.0,4.0,0.0,0.0,0.0,3.0,44.59,1439323776.0,153.0,38.0,61.0,24.7,63.1,14140163.0,762.0,0.52941528,9.9,39.03333333
82295,3342,1137,3.0,2.0,2.0,4.0,0.0,0.0,0.0,3.0,44.59,1439323776.0,153.0,38.0,61.0,24.7,63.1,14140163.0,762.0,0.52941528,9.9,39.03333333
82341,3342,1107,3.0,2.0,2.0,4.0,0.0,0.0,0.0,3.0,44.59,1439323776.0,153.0,38.0,61.0,24.7,63.1,14140163.0,762.0,0.52941528,9.9,39.03333333
82367,3342,1081,3.0,2.0,2.0,4.0,0.0,0.0,0.0,3.0,44.59,1439323776.0,153.0,38.0,61.0,24.7,63.1,14140163.0,762.0,0.52941528,9.9,39.03333333
82692,4632,66,3.0,2.0,2.0,4.0,0.0,0.0,0.0,3.0,44.59,1439323776.0,153.0,38.0,61.0,24.7,63.1,14140163.0,762.0,0.52941528,9.9,39.03333333
82719,4632,1058,3.0,2.0,2.0,4.0,0.0,0.0,0.0,3.0,44.59,1439323776.0,153.0,38.0,61.0,24.7,63.1,14140163.0,762.0,0.52941528,9.9,39.03333333
82735,4632,1041,3.0,2.0,2.0,4.0,0.0,0.0,0.0,3.0,44.59,1439323776.0,153.0,38.0,61.0,24.7,63.1,14140163.0,762.0,0.52941528,9.9,39.03333333
82747,4632,1031,3.0,2.0,2.0,4.0,0.0,0.0,0.0,3.0,44.59,1439323776.0,153.0,38.0,61.0,24.7,63.1,14140163.0,762.0,0.52941528,9.9,39.03333333
82758,4632,1003,3.0,2.0,2.0,4.0,0.0,0.0,0.0,3.0,44.59,1439323776.0,153.0,38.0,61.0,24.7,63.1,14140163.0,762.0,0.52941528,9.9,39.03333333
82788,4632,1005,3.0,2.0,2.0,4.0,0.0,0.0,0.0,3.0,44.59,1439323776.0,153.0,38.0,61.0,24.7,63.1,14140163.0,762.0,0.52941528,9.9,39.03333333
82798,4632,959,3.0,2.0,2.0,4.0,0.0,0.0,0.0,3.0,44.59,1439323776.0,153.0,38.0,61.0,24.7,63.1,14140163.0,762.0,0.52941528,9.9,39.03333333
82804,4632,915,3.0,2.0,2.0,4.0,0.0,0.0,0.0,3.0,44.59,1439323776.0,153.0,38.0,61.0,24.7,63.1,14140163.0,762.0,0.52941528,9.9,39.03333333
82816,4632,838,3.0,2.0,2.0,4.0,0.0,0.0,0.0,3.0,44.59,1439323776.0,153.0,38.0,61.0,24.7,63.1,14140163.0,762.0,0.52941528,9.9,39.03333333
82827,4632,801,3.0,2.0,2.0,4.0,0.0,0.0,2.0,3.0,56.5,1439323776.0,153.0,38.0,61.0,24.7,63.1,14140163.0,762.0,0.52941528,9.9,39.03333333
82830,4633,723,3.0,2.0,2.0,4.0,0.0,0.0,2.0,3.0,56.5,1439323776.0,153.0,38.0,61.0,24.7,63.1,14140163.0,762.0,0.52941528,9.9,39.03333333
82836,4633,648,3.0,2.0,2.0,4.0,0.0,0.0,2.0,3.0,56.5,1439323776.0,153.0,38.0,61.0,24.7,63.1,14140163.0,762.0,0.52941528,9.9,39.03333333
82858,4633,647,3.0,2.0,2.0,4.0,0.0,0.0,2.0,3.0,56.5,1439323776.0,153.0,38.0,61.0,24.7,63.1,14140163.0,762.0,0.52941528,9.9,39.03333333
82862,4633,619,3.0,2.0,2.0,4.0,0.0,0.0,2.0,3.0,56.5,1439323776.0,153.0,38.0,61.0,24.7,63.1,14140163.0,762.0,0.52941528,9.9,39.03333333
0,0,0,0.0,0.0,0.0,0.0,0.0,0.0,0.0,0.0,0.0,212559417.0,25.0,33.0,88.0,15.3,26.57,1847020.0,1392.0,6.548757141,25.81666667,81.68333333
0,0,0,0.0,0.0,0.0,0.0,0.0,0.0,0.0,0.0,0.0,212559417.0,25.0,33.0,88.0,15.3,26.57,1847020.0,1392.0,6.548757141,25.81666667,81.68333333
0,0,0,0.0,0.0,0.0,0.0,0.0,0.0,0.0,0.0,0.0,212559417.0,25.0,33.0,88.0,15.3,26.57,1847020.0,1392.0,6.548757141,25.81666667,81.68333333
0,0,0,0.0,0.0,0.0,0.0,0.0,0.0,0.0,0.0,0.0,212559417.0,25.0,33.0,88.0,15.3,26.57,1847020.0,1392.0,6.548757141,25.81666667,81.68333333
0,0,0,0.0,0.0,0.0,0.0,0.0,0.0,0.0,0.0,0.0,212559417.0,25.0,33.0,88.0,15.3,26.57,1847020.0,1392.0,6.548757141,25.81666667,81.68333333
0,0,0,0.0,0.0,0.0,0.0,0.0,0.0,0.0,0.0,0.0,212559417.0,25.0,33.0,88.0,15.3,26.57,1847020.0,1392.0,6.548757141,25.81666667,81.68333333
0,0,0,0.0,0.0,0.0,0.0,0.0,0.0,0.0,0.0,0.0,212559417.0,25.0,33.0,88.0,15.3,26.57,1847020.0,1392.0,6.548757141,25.81666667,81.68333333
0,0,0,0.0,0.0,0.0,0.0,0.0,0.0,0.0,0.0,0.0,212559417.0,25.0,33.0,88.0,15.3,26.57,1847020.0,1392.0,6.548757141,25.81666667,81.68333333
0,0,0,0.0,0.0,0.0,0.0,0.0,0.0,0.0,0.0,0.0,212559417.0,25.0,33.0,88.0,15.3,26.57,1847020.0,1392.0,6.548757141,25.81666667,81.68333333
0,0,0,0.0,0.0,0.0,0.0,0.0,0.0,0.0,0.0,0.0,212559417.0,25.0,33.0,88.0,15.3,26.57,1847020.0,1392.0,6.548757141,25.81666667,81.68333333
1,0,1,0.0,0.0,0.0,0.0,0.0,0.0,0.0,0.0,0.0,212559417.0,25.0,33.0,88.0,15.3,26.57,1847020.0,1392.0,6.548757141,25.81666667,81.68333333
1,0,1,0.0,0.0,0.0,0.0,0.0,0.0,0.0,0.0,0.0,212559417.0,25.0,33.0,88.0,15.3,26.57,1847020.0,1392.0,6.548757141,25.81666667,81.68333333
1,0,1,0.0,0.0,0.0,0.0,0.0,0.0,0.0,0.0,0.0,212559417.0,25.0,33.0,88.0,15.3,26.57,1847020.0,1392.0,6.548757141,25.81666667,81.68333333
1,0,1,0.0,0.0,0.0,0.0,0.0,0.0,0.0,0.0,0.0,212559417.0,25.0,33.0,88.0,15.3,26.57,1847020.0,1392.0,6.548757141,25.81666667,81.68333333
2,0,2,0.0,0.0,0.0,0.0,0.0,0.0,0.0,0.0,0.0,212559417.0,25.0,33.0,88.0,15.3,26.57,1847020.0,1392.0,6.548757141,25.81666667,81.68333333
2,0,2,0.0,0.0,0.0,0.0,0.0,0.0,0.0,0.0,0.0,212559417.0,25.0,33.0,88.0,15.3,26.57,1847020.0,1392.0,6.548757141,25.81666667,81.68333333
2,0,2,0.0,0.0,0.0,0.0,0.0,0.0,0.0,0.0,11.11,212559417.0,25.0,33.0,88.0,15.3,26.57,1847020.0,1392.0,6.548757141,25.81666667,81.68333333
2,0,2,0.0,0.0,0.0,0.0,0.0,0.0,0.0,0.0,11.11,212559417.0,25.0,33.0,88.0,15.3,26.57,1847020.0,1392.0,6.548757141,25.81666667,81.68333333
3,0,3,0.0,0.0,0.0,0.0,0.0,0.0,0.0,0.0,11.11,212559417.0,25.0,33.0,88.0,15.3,26.57,1847020.0,1392.0,6.548757141,25.81666667,81.68333333
8,0,8,0.0,0.0,0.0,0.0,0.0,0.0,0.0,0.0,11.11,212559417.0,25.0,33.0,88.0,15.3,26.57,1847020.0,1392.0,6.548757141,25.81666667,81.68333333
13,0,13,0.0,0.0,0.0,0.0,0.0,0.0,0.0,0.0,11.11,212559417.0,25.0,33.0,88.0,15.3,26.57,1847020.0,1392.0,6.548757141,25.81666667,81.68333333
19,0,19,0.0,0.0,0.0,0.0,0.0,0.0,0.0,0.0,11.11,212559417.0,25.0,33.0,88.0,15.3,26.57,1847020.0,1392.0,6.548757141,25.81666667,81.68333333
25,0,25,0.0,0.0,0.0,0.0,0.0,0.0,0.0,0.0,11.11,212559417.0,25.0,33.0,88.0,15.3,26.57,1847020.0,1392.0,6.548757141,25.81666667,81.68333333
25,0,25,0.0,0.0,0.0,0.0,0.0,0.0,0.0,0.0,11.11,212559417.0,25.0,33.0,88.0,15.3,26.57,1847020.0,1392.0,6.548757141,25.81666667,81.68333333
34,0,34,0.0,0.0,0.0,0.0,0.0,0.0,0.0,0.0,11.11,212559417.0,25.0,33.0,88.0,15.3,26.57,1847020.0,1392.0,6.548757141,25.81666667,81.68333333
52,0,52,0.0,0.0,0.0,0.0,0.0,0.0,0.0,0.0,11.11,212559417.0,25.0,33.0,88.0,15.3,26.57,1847020.0,1392.0,6.548757141,25.81666667,81.68333333
77,0,77,3.0,0.0,2.0,0.0,0.0,0.0,0.0,0.0,26.99,212559417.0,25.0,33.0,88.0,15.3,26.57,1847020.0,1392.0,6.548757141,25.81666667,81.68333333
151,0,150,3.0,1.0,2.0,0.0,0.0,1.0,0.0,2.0,37.84,212559417.0,25.0,33.0,88.0,15.3,26.57,1847020.0,1392.0,6.548757141,25.81666667,81.68333333
151,0,150,3.0,1.0,2.0,2.0,0.0,1.0,0.0,2.0,41.81,212559417.0,25.0,33.0,88.0,15.3,26.57,1847020.0,1392.0,6.548757141,25.81666667,81.68333333
200,0,198,3.0,1.0,2.0,2.0,0.0,1.0,1.0,2.0,45.78,212559417.0,25.0,33.0,88.0,15.3,26.57,1847020.0,1392.0,6.548757141,25.81666667,81.68333333
234,0,232,3.0,1.0,2.0,2.0,0.0,1.0,1.0,2.0,45.78,212559417.0,25.0,33.0,88.0,15.3,26.57,1847020.0,1392.0,6.548757141,25.81666667,81.68333333
346,1,343,3.0,3.0,2.0,2.0,0.0,1.0,2.0,2.0,55.04,212559417.0,25.0,33.0,88.0,15.3,26.57,1847020.0,1392.0,6.548757141,25.81666667,81.68333333
529,4,523,3.0,3.0,2.0,3.0,0.0,1.0,2.0,2.0,57.03,212559417.0,25.0,33.0,88.0,15.3,26.57,1847020.0,1392.0,6.548757141,25.81666667,81.68333333
640,7,631,3.0,3.0,2.0,3.0,1.0,1.0,2.0,3.0,63.78,212559417.0,25.0,33.0,88.0,15.3,26.57,1847020.0,1392.0,6.548757141,25.81666667,81.68333333
970,11,957,3.0,3.0,2.0,3.0,1.0,1.0,2.0,3.0,63.78,212559417.0,25.0,33.0,88.0,15.3,26.57,1847020.0,1392.0,6.548757141,25.81666667,81.68333333
1178,18,1158,3.0,3.0,2.0,3.0,2.0,1.0,2.0,3.0,67.74,212559417.0,25.0,33.0,88.0,15.3,26.57,1847020.0,1392.0,6.548757141,25.81666667,81.68333333
1546,25,1519,3.0,3.0,2.0,3.0,2.0,1.0,2.0,3.0,67.74,212559417.0,25.0,33.0,88.0,15.3,26.57,1847020.0,1392.0,6.548757141,25.81666667,81.68333333
1924,34,1888,3.0,3.0,2.0,3.0,2.0,1.0,2.0,3.0,67.74,212559417.0,25.0,33.0,88.0,15.3,26.57,1847020.0,1392.0,6.548757141,25.81666667,81.68333333
2247,46,2199,3.0,3.0,2.0,3.0,2.0,1.0,2.0,3.0,67.74,212559417.0,25.0,33.0,88.0,15.3,26.57,1847020.0,1392.0,6.548757141,25.81666667,81.68333333
2554,59,2493,3.0,3.0,2.0,3.0,2.0,1.0,2.0,3.0,67.74,212559417.0,25.0,33.0,88.0,15.3,26.57,1847020.0,1392.0,6.548757141,25.81666667,81.68333333
2985,77,2902,3.0,3.0,2.0,3.0,2.0,1.0,2.0,3.0,67.74,212559417.0,25.0,33.0,88.0,15.3,26.57,1847020.0,1392.0,6.548757141,25.81666667,81.68333333
3417,92,3319,3.0,3.0,2.0,3.0,2.0,1.0,2.0,4.0,70.52,212559417.0,25.0,33.0,88.0,15.3,26.57,1847020.0,1392.0,6.548757141,25.81666667,81.68333333
3904,114,3784,3.0,3.0,2.0,3.0,2.0,1.0,2.0,4.0,70.52,212559417.0,25.0,33.0,88.0,15.3,26.57,1847020.0,1392.0,6.548757141,25.81666667,81.68333333
4256,136,4114,3.0,3.0,2.0,3.0,2.0,1.0,2.0,4.0,70.52,212559417.0,25.0,33.0,88.0,15.3,26.57,1847020.0,1392.0,6.548757141,25.81666667,81.68333333
4630,163,4347,3.0,3.0,2.0,3.0,2.0,1.0,2.0,4.0,70.52,212559417.0,25.0,33.0,88.0,15.3,26.57,1847020.0,1392.0,6.548757141,25.81666667,81.68333333
5717,201,5389,3.0,3.0,2.0,3.0,2.0,1.0,2.0,4.0,70.52,212559417.0,25.0,33.0,88.0,15.3,26.57,1847020.0,1392.0,6.548757141,25.81666667,81.68333333
6880,242,6511,3.0,3.0,2.0,3.0,2.0,1.0,2.0,4.0,70.52,212559417.0,25.0,33.0,88.0,15.3,26.57,1847020.0,1392.0,6.548757141,25.81666667,81.68333333
8044,324,7593,3.0,3.0,2.0,3.0,2.0,1.0,2.0,4.0,70.52,212559417.0,25.0,33.0,88.0,15.3,26.57,1847020.0,1392.0,6.548757141,25.81666667,81.68333333
9194,363,8704,3.0,3.0,2.0,3.0,2.0,1.0,2.0,4.0,70.52,212559417.0,25.0,33.0,88.0,15.3,26.57,1847020.0,1392.0,6.548757141,25.81666667,81.68333333
10360,445,9788,3.0,3.0,2.0,3.0,2.0,1.0,2.0,4.0,70.52,212559417.0,25.0,33.0,88.0,15.3,26.57,1847020.0,1392.0,6.548757141,25.81666667,81.68333333
11254,486,10641,3.0,3.0,2.0,3.0,2.0,1.0,2.0,4.0,70.52,212559417.0,25.0,33.0,88.0,15.3,26.57,1847020.0,1392.0,6.548757141,25.81666667,81.68333333
12183,564,11492,3.0,3.0,2.0,3.0,2.0,1.0,2.0,4.0,70.52,212559417.0,25.0,33.0,88.0,15.3,26.57,1847020.0,1392.0,6.548757141,25.81666667,81.68333333
14034,686,13221,3.0,3.0,2.0,3.0,2.0,1.0,2.0,4.0,70.52,212559417.0,25.0,33.0,88.0,15.3,26.57,1847020.0,1392.0,6.548757141,25.81666667,81.68333333
16188,820,15241,3.0,3.0,2.0,3.0,2.0,1.0,2.0,4.0,70.52,212559417.0,25.0,33.0,88.0,15.3,26.57,1847020.0,1392.0,6.548757141,25.81666667,81.68333333
18145,954,17018,3.0,3.0,2.0,3.0,2.0,1.0,2.0,4.0,70.52,212559417.0,25.0,33.0,88.0,15.3,26.57,1847020.0,1392.0,6.548757141,25.81666667,81.68333333
19789,1068,18548,3.0,3.0,2.0,3.0,2.0,1.0,2.0,4.0,70.52,212559417.0,25.0,33.0,88.0,15.3,26.57,1847020.0,1392.0,6.548757141,25.81666667,81.68333333
20962,1140,19649,3.0,3.0,2.0,3.0,2.0,1.0,2.0,4.0,70.52,212559417.0,25.0,33.0,88.0,15.3,26.57,1847020.0,1392.0,6.548757141,25.81666667,81.68333333
22192,1223,20796,3.0,3.0,2.0,3.0,2.0,1.0,2.0,4.0,70.52,212559417.0,25.0,33.0,88.0,15.3,26.57,1847020.0,1392.0,6.548757141,25.81666667,81.68333333
23430,1328,21929,3.0,3.0,2.0,3.0,2.0,1.0,2.0,4.0,70.52,212559417.0,25.0,33.0,88.0,15.3,26.57,1847020.0,1392.0,6.548757141,25.81666667,81.68333333
25262,1532,9704,3.0,3.0,2.0,3.0,2.0,1.0,2.0,4.0,70.52,212559417.0,25.0,33.0,88.0,15.3,26.57,1847020.0,1392.0,6.548757141,25.81666667,81.68333333
28610,1757,12827,3.0,3.0,2.0,3.0,2.0,1.0,2.0,4.0,70.52,212559417.0,25.0,33.0,88.0,15.3,26.57,1847020.0,1392.0,6.548757141,25.81666667,81.68333333
30683,1947,14710,3.0,3.0,2.0,3.0,2.0,1.0,2.0,4.0,70.52,212559417.0,25.0,33.0,88.0,15.3,26.57,1847020.0,1392.0,6.548757141,25.81666667,81.68333333
33682,2141,17515,3.0,3.0,2.0,3.0,2.0,1.0,2.0,4.0,70.52,212559417.0,25.0,33.0,88.0,15.3,26.57,1847020.0,1392.0,6.548757141,25.81666667,81.68333333
36722,2361,20335,3.0,3.0,2.0,3.0,2.0,1.0,2.0,4.0,70.52,212559417.0,25.0,33.0,88.0,15.3,26.57,1847020.0,1392.0,6.548757141,25.81666667,81.68333333
38654,2462,14062,3.0,3.0,2.0,3.0,2.0,1.0,2.0,4.0,70.52,212559417.0,25.0,33.0,88.0,15.3,26.57,1847020.0,1392.0,6.548757141,25.81666667,81.68333333
40743,2587,16026,3.0,3.0,2.0,3.0,2.0,1.0,2.0,4.0,70.52,212559417.0,25.0,33.0,88.0,15.3,26.57,1847020.0,1392.0,6.548757141,25.81666667,81.68333333
43079,2741,16013,3.0,3.0,2.0,3.0,2.0,1.0,2.0,4.0,70.52,212559417.0,25.0,33.0,88.0,15.3,26.57,1847020.0,1392.0,6.548757141,25.81666667,81.68333333
45757,2906,17533,3.0,3.0,2.0,3.0,2.0,1.0,2.0,4.0,70.52,212559417.0,25.0,33.0,88.0,15.3,26.57,1847020.0,1392.0,6.548757141,25.81666667,81.68333333
49492,3313,19606,3.0,3.0,2.0,3.0,2.0,1.0,2.0,4.0,70.52,212559417.0,25.0,33.0,88.0,15.3,26.57,1847020.0,1392.0,6.548757141,25.81666667,81.68333333
52995,3670,21670,3.0,3.0,2.0,3.0,2.0,1.0,2.0,4.0,70.52,212559417.0,25.0,33.0,88.0,15.3,26.57,1847020.0,1392.0,6.548757141,25.81666667,81.68333333
59196,4045,25991,3.0,3.0,2.0,3.0,2.0,1.0,2.0,4.0,70.52,212559417.0,25.0,33.0,88.0,15.3,26.57,1847020.0,1392.0,6.548757141,25.81666667,81.68333333
62859,4271,28436,3.0,3.0,2.0,3.0,2.0,1.0,2.0,4.0,70.52,212559417.0,25.0,33.0,88.0,15.3,26.57,1847020.0,1392.0,6.548757141,25.81666667,81.68333333
66501,4543,30816,3.0,3.0,2.0,3.0,2.0,1.0,2.0,4.0,70.52,212559417.0,25.0,33.0,88.0,15.3,26.57,1847020.0,1392.0,6.548757141,25.81666667,81.68333333
72899,5063,35292,3.0,3.0,2.0,3.0,2.0,1.0,2.0,4.0,70.52,212559417.0,25.0,33.0,88.0,15.3,26.57,1847020.0,1392.0,6.548757141,25.81666667,81.68333333
79361,5511,39718,3.0,3.0,2.0,3.0,2.0,1.0,2.0,4.0,70.52,212559417.0,25.0,33.0,88.0,15.3,26.57,1847020.0,1392.0,6.548757141,25.81666667,81.68333333
85380,5901,43544,3.0,3.0,2.0,3.0,2.0,1.0,2.0,4.0,70.52,212559417.0,25.0,33.0,88.0,15.3,26.57,1847020.0,1392.0,6.548757141,25.81666667,81.68333333
